model,t,section,scale,size,metric,value
meraFM_L64_h128_ep50,0.1,A_marginal,1,64,skew,-0.02923429252396257
meraFM_L64_h128_ep50,0.1,A_marginal,1,64,kurt,-1.7594677217547137
meraFM_L64_h128_ep50,0.1,A_marginal,1,64,ks,0.170726040356186
meraFM_L64_h128_ep50,0.1,A_marginal,2,32,skew,-0.01835981411285869
meraFM_L64_h128_ep50,0.1,A_marginal,2,32,kurt,-1.3794479628035903
meraFM_L64_h128_ep50,0.1,A_marginal,2,32,ks,0.10941514540691233
meraFM_L64_h128_ep50,0.1,A_marginal,3,16,skew,0.007957392589365826
meraFM_L64_h128_ep50,0.1,A_marginal,3,16,kurt,-1.044354163210074
meraFM_L64_h128_ep50,0.1,A_marginal,3,16,ks,0.07790825344825092
meraFM_L64_h128_ep50,0.1,A_marginal,4,8,skew,0.020282538018563768
meraFM_L64_h128_ep50,0.1,A_marginal,4,8,kurt,-1.0702164362994109
meraFM_L64_h128_ep50,0.1,A_marginal,4,8,ks,0.07787590641357245
meraFM_L64_h128_ep50,0.1,A_marginal,5,4,skew,0.02190595830913095
meraFM_L64_h128_ep50,0.1,A_marginal,5,4,kurt,-0.27028681352553807
meraFM_L64_h128_ep50,0.1,A_marginal,5,4,ks,0.02002464414586891
meraFM_L64_h128_ep50,0.1,A_marginal,6,2,skew,-0.0043821648322656765
meraFM_L64_h128_ep50,0.1,A_marginal,6,2,kurt,-0.1115545101803943
meraFM_L64_h128_ep50,0.1,A_marginal,6,2,ks,0.016724833501543634
meraFM_L64_h128_ep50,0.1,B_adjacent,1->2,64,mmd2,0.0029488801956176758
meraFM_L64_h128_ep50,0.1,B_adjacent,1->2,64,w1,0.15068473293677945
meraFM_L64_h128_ep50,0.1,B_adjacent,2->3,32,mmd2,0.0019054412841796875
meraFM_L64_h128_ep50,0.1,B_adjacent,2->3,32,w1,0.07194643214042175
meraFM_L64_h128_ep50,0.1,B_adjacent,3->4,16,mmd2,0.0009065866470336914
meraFM_L64_h128_ep50,0.1,B_adjacent,3->4,16,w1,0.04318764642486684
meraFM_L64_h128_ep50,0.1,B_adjacent,4->5,8,mmd2,0.0062781572341918945
meraFM_L64_h128_ep50,0.1,B_adjacent,4->5,8,w1,0.14676592556119736
meraFM_L64_h128_ep50,0.1,B_adjacent,5->6,4,mmd2,-0.00048470497131347656
meraFM_L64_h128_ep50,0.1,B_adjacent,5->6,4,w1,0.03554715224857015
meraFM_L64_h128_ep50,0.3,A_marginal,1,64,skew,-0.08082518893874636
meraFM_L64_h128_ep50,0.3,A_marginal,1,64,kurt,-1.704606359548798
meraFM_L64_h128_ep50,0.3,A_marginal,1,64,ks,0.17102840217135862
meraFM_L64_h128_ep50,0.3,A_marginal,2,32,skew,-0.027902025785227658
meraFM_L64_h128_ep50,0.3,A_marginal,2,32,kurt,-1.3161274939008627
meraFM_L64_h128_ep50,0.3,A_marginal,2,32,ks,0.10333955560919594
meraFM_L64_h128_ep50,0.3,A_marginal,3,16,skew,-0.03661709856187545
meraFM_L64_h128_ep50,0.3,A_marginal,3,16,kurt,-1.0443992580247488
meraFM_L64_h128_ep50,0.3,A_marginal,3,16,ks,0.07914140352574273
meraFM_L64_h128_ep50,0.3,A_marginal,4,8,skew,0.04955901776386689
meraFM_L64_h128_ep50,0.3,A_marginal,4,8,kurt,-1.0560415162300254
meraFM_L64_h128_ep50,0.3,A_marginal,4,8,ks,0.07767562198091504
meraFM_L64_h128_ep50,0.3,A_marginal,5,4,skew,-0.02341240483006148
meraFM_L64_h128_ep50,0.3,A_marginal,5,4,kurt,-0.2430960631919663
meraFM_L64_h128_ep50,0.3,A_marginal,5,4,ks,0.015690705607075528
meraFM_L64_h128_ep50,0.3,A_marginal,6,2,skew,-0.02015993767463253
meraFM_L64_h128_ep50,0.3,A_marginal,6,2,kurt,-0.12842891637666964
meraFM_L64_h128_ep50,0.3,A_marginal,6,2,ks,0.01770212546108163
meraFM_L64_h128_ep50,0.3,B_adjacent,1->2,64,mmd2,0.004399299621582031
meraFM_L64_h128_ep50,0.3,B_adjacent,1->2,64,w1,0.1385001348578956
meraFM_L64_h128_ep50,0.3,B_adjacent,2->3,32,mmd2,0.0009191036224365234
meraFM_L64_h128_ep50,0.3,B_adjacent,2->3,32,w1,0.06280427213249452
meraFM_L64_h128_ep50,0.3,B_adjacent,3->4,16,mmd2,0.0030298233032226562
meraFM_L64_h128_ep50,0.3,B_adjacent,3->4,16,w1,0.05974795843740842
meraFM_L64_h128_ep50,0.3,B_adjacent,4->5,8,mmd2,0.007000923156738281
meraFM_L64_h128_ep50,0.3,B_adjacent,4->5,8,w1,0.14845848637461284
meraFM_L64_h128_ep50,0.3,B_adjacent,5->6,4,mmd2,-0.0004934072494506836
meraFM_L64_h128_ep50,0.3,B_adjacent,5->6,4,w1,0.03503097246308849
meraFM_L64_h128_ep50,0.5,A_marginal,1,64,skew,-0.053875846373655674
meraFM_L64_h128_ep50,0.5,A_marginal,1,64,kurt,-1.649609580745334
meraFM_L64_h128_ep50,0.5,A_marginal,1,64,ks,0.16287467543267375
meraFM_L64_h128_ep50,0.5,A_marginal,2,32,skew,-0.034997027497949466
meraFM_L64_h128_ep50,0.5,A_marginal,2,32,kurt,-1.2736985854019391
meraFM_L64_h128_ep50,0.5,A_marginal,2,32,ks,0.09854724772296597
meraFM_L64_h128_ep50,0.5,A_marginal,3,16,skew,-0.05348446179771433
meraFM_L64_h128_ep50,0.5,A_marginal,3,16,kurt,-1.063851674904881
meraFM_L64_h128_ep50,0.5,A_marginal,3,16,ks,0.08138401132236073
meraFM_L64_h128_ep50,0.5,A_marginal,4,8,skew,0.056759457605976775
meraFM_L64_h128_ep50,0.5,A_marginal,4,8,kurt,-1.0679766344267827
meraFM_L64_h128_ep50,0.5,A_marginal,4,8,ks,0.078237541884986
meraFM_L64_h128_ep50,0.5,A_marginal,5,4,skew,-0.04423520817804879
meraFM_L64_h128_ep50,0.5,A_marginal,5,4,kurt,-0.25203934112413995
meraFM_L64_h128_ep50,0.5,A_marginal,5,4,ks,0.017947711553644496
meraFM_L64_h128_ep50,0.5,A_marginal,6,2,skew,-0.025249907043408414
meraFM_L64_h128_ep50,0.5,A_marginal,6,2,kurt,-0.11682550201183917
meraFM_L64_h128_ep50,0.5,A_marginal,6,2,ks,0.0157735419419055
meraFM_L64_h128_ep50,0.5,B_adjacent,1->2,64,mmd2,0.003567337989807129
meraFM_L64_h128_ep50,0.5,B_adjacent,1->2,64,w1,0.11974867261981115
meraFM_L64_h128_ep50,0.5,B_adjacent,2->3,32,mmd2,0.0011339187622070312
meraFM_L64_h128_ep50,0.5,B_adjacent,2->3,32,w1,0.053659140124286867
meraFM_L64_h128_ep50,0.5,B_adjacent,3->4,16,mmd2,0.0018391609191894531
meraFM_L64_h128_ep50,0.5,B_adjacent,3->4,16,w1,0.06843923179027418
meraFM_L64_h128_ep50,0.5,B_adjacent,4->5,8,mmd2,0.007348775863647461
meraFM_L64_h128_ep50,0.5,B_adjacent,4->5,8,w1,0.14910260629462455
meraFM_L64_h128_ep50,0.5,B_adjacent,5->6,4,mmd2,-0.0004049539566040039
meraFM_L64_h128_ep50,0.5,B_adjacent,5->6,4,w1,0.03889936902356569
meraFM_L64_h128_ep50,0.7,A_marginal,1,64,skew,-0.03683628109812434
meraFM_L64_h128_ep50,0.7,A_marginal,1,64,kurt,-1.531848251720348
meraFM_L64_h128_ep50,0.7,A_marginal,1,64,ks,0.1383921166916544
meraFM_L64_h128_ep50,0.7,A_marginal,2,32,skew,-0.08307931048825128
meraFM_L64_h128_ep50,0.7,A_marginal,2,32,kurt,-1.3617315704258195
meraFM_L64_h128_ep50,0.7,A_marginal,2,32,ks,0.11413318491896485
meraFM_L64_h128_ep50,0.7,A_marginal,3,16,skew,-0.019465360581727594
meraFM_L64_h128_ep50,0.7,A_marginal,3,16,kurt,-1.1616406089087226
meraFM_L64_h128_ep50,0.7,A_marginal,3,16,ks,0.08478067959585966
meraFM_L64_h128_ep50,0.7,A_marginal,4,8,skew,0.01143111623971483
meraFM_L64_h128_ep50,0.7,A_marginal,4,8,kurt,-1.100636556124145
meraFM_L64_h128_ep50,0.7,A_marginal,4,8,ks,0.07816769151596115
meraFM_L64_h128_ep50,0.7,A_marginal,5,4,skew,-0.004858835964283595
meraFM_L64_h128_ep50,0.7,A_marginal,5,4,kurt,-0.22458514135695218
meraFM_L64_h128_ep50,0.7,A_marginal,5,4,ks,0.015162922929347095
meraFM_L64_h128_ep50,0.7,A_marginal,6,2,skew,-0.00040957700572526103
meraFM_L64_h128_ep50,0.7,A_marginal,6,2,kurt,-0.07874860864117617
meraFM_L64_h128_ep50,0.7,A_marginal,6,2,ks,0.014197576670992862
meraFM_L64_h128_ep50,0.7,B_adjacent,1->2,64,mmd2,0.0013885498046875
meraFM_L64_h128_ep50,0.7,B_adjacent,1->2,64,w1,0.06003017853677524
meraFM_L64_h128_ep50,0.7,B_adjacent,2->3,32,mmd2,0.0015573501586914062
meraFM_L64_h128_ep50,0.7,B_adjacent,2->3,32,w1,0.058044382461555306
meraFM_L64_h128_ep50,0.7,B_adjacent,3->4,16,mmd2,0.0006636381149291992
meraFM_L64_h128_ep50,0.7,B_adjacent,3->4,16,w1,0.050374635635297045
meraFM_L64_h128_ep50,0.7,B_adjacent,4->5,8,mmd2,0.00661468505859375
meraFM_L64_h128_ep50,0.7,B_adjacent,4->5,8,w1,0.14784270142963954
meraFM_L64_h128_ep50,0.7,B_adjacent,5->6,4,mmd2,-0.0004652738571166992
meraFM_L64_h128_ep50,0.7,B_adjacent,5->6,4,w1,0.035886348127760336
meraFM_L64_h128_ep50,0.9,A_marginal,1,64,skew,-0.016413732269142216
meraFM_L64_h128_ep50,0.9,A_marginal,1,64,kurt,-1.4518582454319218
meraFM_L64_h128_ep50,0.9,A_marginal,1,64,ks,0.12008759580128259
meraFM_L64_h128_ep50,0.9,A_marginal,2,32,skew,-0.13115250002668208
meraFM_L64_h128_ep50,0.9,A_marginal,2,32,kurt,-1.5198446285039615
meraFM_L64_h128_ep50,0.9,A_marginal,2,32,ks,0.14233312420493271
meraFM_L64_h128_ep50,0.9,A_marginal,3,16,skew,0.06587771997447694
meraFM_L64_h128_ep50,0.9,A_marginal,3,16,kurt,-1.298034200614181
meraFM_L64_h128_ep50,0.9,A_marginal,3,16,ks,0.10352863421766406
meraFM_L64_h128_ep50,0.9,A_marginal,4,8,skew,-0.10420339029664918
meraFM_L64_h128_ep50,0.9,A_marginal,4,8,kurt,-1.0594240360894156
meraFM_L64_h128_ep50,0.9,A_marginal,4,8,ks,0.08303794340874515
meraFM_L64_h128_ep50,0.9,A_marginal,5,4,skew,0.11226317206461377
meraFM_L64_h128_ep50,0.9,A_marginal,5,4,kurt,0.2485223275452766
meraFM_L64_h128_ep50,0.9,A_marginal,5,4,ks,0.015372193107052345
meraFM_L64_h128_ep50,0.9,A_marginal,6,2,skew,0.1633455579591701
meraFM_L64_h128_ep50,0.9,A_marginal,6,2,kurt,0.18433383590322716
meraFM_L64_h128_ep50,0.9,A_marginal,6,2,ks,0.022866895152821476
meraFM_L64_h128_ep50,0.9,B_adjacent,1->2,64,mmd2,0.0001900196075439453
meraFM_L64_h128_ep50,0.9,B_adjacent,1->2,64,w1,0.0627550467313969
meraFM_L64_h128_ep50,0.9,B_adjacent,2->3,32,mmd2,0.001208662986755371
meraFM_L64_h128_ep50,0.9,B_adjacent,2->3,32,w1,0.08715520547358216
meraFM_L64_h128_ep50,0.9,B_adjacent,3->4,16,mmd2,0.0009971857070922852
meraFM_L64_h128_ep50,0.9,B_adjacent,3->4,16,w1,0.07803479534776217
meraFM_L64_h128_ep50,0.9,B_adjacent,4->5,8,mmd2,0.008236169815063477
meraFM_L64_h128_ep50,0.9,B_adjacent,4->5,8,w1,0.16714067629437218
meraFM_L64_h128_ep50,0.9,B_adjacent,5->6,4,mmd2,-0.0006158351898193359
meraFM_L64_h128_ep50,0.9,B_adjacent,5->6,4,w1,0.03199338515092981
meraFM_L64_h128_ep50,1.0,A_marginal,1,64,skew,-0.00611065950890689
meraFM_L64_h128_ep50,1.0,A_marginal,1,64,kurt,-1.4074601082072637
meraFM_L64_h128_ep50,1.0,A_marginal,1,64,ks,0.11245193224140321
meraFM_L64_h128_ep50,1.0,A_marginal,2,32,skew,0.060378989177587175
meraFM_L64_h128_ep50,1.0,A_marginal,2,32,kurt,-1.6747523543733762
meraFM_L64_h128_ep50,1.0,A_marginal,2,32,ks,0.15592313932574525
meraFM_L64_h128_ep50,1.0,A_marginal,3,16,skew,-0.20481901372721228
meraFM_L64_h128_ep50,1.0,A_marginal,3,16,kurt,0.2901093262500818
meraFM_L64_h128_ep50,1.0,A_marginal,3,16,ks,0.013621506465081756
meraFM_L64_h128_ep50,1.0,A_marginal,4,8,skew,0.04055675274246127
meraFM_L64_h128_ep50,1.0,A_marginal,4,8,kurt,-0.8350413526949603
meraFM_L64_h128_ep50,1.0,A_marginal,4,8,ks,0.04988939463760639
meraFM_L64_h128_ep50,1.0,A_marginal,5,4,skew,-0.037071047825794796
meraFM_L64_h128_ep50,1.0,A_marginal,5,4,kurt,-0.0350840732869524
meraFM_L64_h128_ep50,1.0,A_marginal,5,4,ks,0.009007114817659145
meraFM_L64_h128_ep50,1.0,A_marginal,6,2,skew,0.012202709660892949
meraFM_L64_h128_ep50,1.0,A_marginal,6,2,kurt,0.0059616542252860505
meraFM_L64_h128_ep50,1.0,A_marginal,6,2,ks,0.01418518003664293
meraFM_L64_h128_ep50,1.0,B_adjacent,1->2,64,mmd2,0.001002669334411621
meraFM_L64_h128_ep50,1.0,B_adjacent,1->2,64,w1,0.1254715609895013
meraFM_L64_h128_ep50,1.0,B_adjacent,2->3,32,mmd2,0.02665245532989502
meraFM_L64_h128_ep50,1.0,B_adjacent,2->3,32,w1,0.31340064375619126
meraFM_L64_h128_ep50,1.0,B_adjacent,3->4,16,mmd2,0.0032067298889160156
meraFM_L64_h128_ep50,1.0,B_adjacent,3->4,16,w1,0.10735622453080008
meraFM_L64_h128_ep50,1.0,B_adjacent,4->5,8,mmd2,0.002377629280090332
meraFM_L64_h128_ep50,1.0,B_adjacent,4->5,8,w1,0.09281529554943818
meraFM_L64_h128_ep50,1.0,B_adjacent,5->6,4,mmd2,0.001435995101928711
meraFM_L64_h128_ep50,1.0,B_adjacent,5->6,4,w1,0.09729802736367371
