label,folder,L,T,epoch,scale_s,L_s,source,metric,value
"T = 2.15  (low T, ordered)",data/32Ising_T2.15_hs_dataDriven,32,2.15,16500,0,32,cross_gauge,v5_gauge_ks,0.001615000000000033
"T = 2.15  (low T, ordered)",data/32Ising_T2.15_hs_dataDriven,32,2.15,16500,0,32,cross_gauge,v5_gauge_w1,0.01844817870796432
"T = 2.15  (low T, ordered)",data/32Ising_T2.15_hs_dataDriven,32,2.15,16500,0,32,cross_gauge,v5_gauge_rms_g,0.0
"T = 2.15  (low T, ordered)",data/32Ising_T2.15_hs_dataDriven,32,2.15,16500,1,16,cross_gauge,v5_gauge_ks,0.005940000000000001
"T = 2.15  (low T, ordered)",data/32Ising_T2.15_hs_dataDriven,32,2.15,16500,1,16,cross_gauge,v5_gauge_w1,0.01604871209648973
"T = 2.15  (low T, ordered)",data/32Ising_T2.15_hs_dataDriven,32,2.15,16500,1,16,cross_gauge,v5_gauge_rms_g,0.07112456858158112
"T = 2.15  (low T, ordered)",data/32Ising_T2.15_hs_dataDriven,32,2.15,16500,2,8,cross_gauge,v5_gauge_ks,0.005195312499999993
"T = 2.15  (low T, ordered)",data/32Ising_T2.15_hs_dataDriven,32,2.15,16500,2,8,cross_gauge,v5_gauge_w1,0.01916459979514039
"T = 2.15  (low T, ordered)",data/32Ising_T2.15_hs_dataDriven,32,2.15,16500,2,8,cross_gauge,v5_gauge_rms_g,0.04608309268951416
"T = 2.15  (low T, ordered)",data/32Ising_T2.15_hs_dataDriven,32,2.15,16500,3,4,cross_gauge,v5_gauge_ks,0.006000000000000005
"T = 2.15  (low T, ordered)",data/32Ising_T2.15_hs_dataDriven,32,2.15,16500,3,4,cross_gauge,v5_gauge_w1,0.006012130099301227
"T = 2.15  (low T, ordered)",data/32Ising_T2.15_hs_dataDriven,32,2.15,16500,3,4,cross_gauge,v5_gauge_rms_g,0.02512664534151554
"T = 2.15  (low T, ordered)",data/32Ising_T2.15_hs_dataDriven,32,2.15,16500,4,2,cross_gauge,v5_gauge_ks,0.00675
"T = 2.15  (low T, ordered)",data/32Ising_T2.15_hs_dataDriven,32,2.15,16500,4,2,cross_gauge,v5_gauge_w1,0.009063744571948048
"T = 2.15  (low T, ordered)",data/32Ising_T2.15_hs_dataDriven,32,2.15,16500,4,2,cross_gauge,v5_gauge_rms_g,nan
"T = 2.15  (low T, ordered)",data/32Ising_T2.15_hs_dataDriven,32,2.15,16500,5,1,cross_gauge,v5_gauge_ks,0.015
"T = 2.15  (low T, ordered)",data/32Ising_T2.15_hs_dataDriven,32,2.15,16500,5,1,cross_gauge,v5_gauge_w1,0.01896011856038238
"T = 2.15  (low T, ordered)",data/32Ising_T2.15_hs_dataDriven,32,2.15,16500,5,1,cross_gauge,v5_gauge_rms_g,nan
"T = 2.269 (T_c, hs_dataDriven)",data/32Ising_T2.269185314213022_hs_dataDriven,32,2.269185314213022,16000,0,32,cross_gauge,v5_gauge_ks,0.004729999999999901
"T = 2.269 (T_c, hs_dataDriven)",data/32Ising_T2.269185314213022_hs_dataDriven,32,2.269185314213022,16000,0,32,cross_gauge,v5_gauge_w1,0.013339982325982411
"T = 2.269 (T_c, hs_dataDriven)",data/32Ising_T2.269185314213022_hs_dataDriven,32,2.269185314213022,16000,0,32,cross_gauge,v5_gauge_rms_g,0.0
"T = 2.269 (T_c, hs_dataDriven)",data/32Ising_T2.269185314213022_hs_dataDriven,32,2.269185314213022,16000,1,16,cross_gauge,v5_gauge_ks,0.0023100000000000342
"T = 2.269 (T_c, hs_dataDriven)",data/32Ising_T2.269185314213022_hs_dataDriven,32,2.269185314213022,16000,1,16,cross_gauge,v5_gauge_w1,0.017336409289036493
"T = 2.269 (T_c, hs_dataDriven)",data/32Ising_T2.269185314213022_hs_dataDriven,32,2.269185314213022,16000,1,16,cross_gauge,v5_gauge_rms_g,0.10983866453170776
"T = 2.269 (T_c, hs_dataDriven)",data/32Ising_T2.269185314213022_hs_dataDriven,32,2.269185314213022,16000,2,8,cross_gauge,v5_gauge_ks,0.001742187499999992
"T = 2.269 (T_c, hs_dataDriven)",data/32Ising_T2.269185314213022_hs_dataDriven,32,2.269185314213022,16000,2,8,cross_gauge,v5_gauge_w1,0.010559135903616314
"T = 2.269 (T_c, hs_dataDriven)",data/32Ising_T2.269185314213022_hs_dataDriven,32,2.269185314213022,16000,2,8,cross_gauge,v5_gauge_rms_g,0.04253187030553818
"T = 2.269 (T_c, hs_dataDriven)",data/32Ising_T2.269185314213022_hs_dataDriven,32,2.269185314213022,16000,3,4,cross_gauge,v5_gauge_ks,0.003500000000000003
"T = 2.269 (T_c, hs_dataDriven)",data/32Ising_T2.269185314213022_hs_dataDriven,32,2.269185314213022,16000,3,4,cross_gauge,v5_gauge_w1,0.009365153590310546
"T = 2.269 (T_c, hs_dataDriven)",data/32Ising_T2.269185314213022_hs_dataDriven,32,2.269185314213022,16000,3,4,cross_gauge,v5_gauge_rms_g,0.031298331916332245
"T = 2.269 (T_c, hs_dataDriven)",data/32Ising_T2.269185314213022_hs_dataDriven,32,2.269185314213022,16000,4,2,cross_gauge,v5_gauge_ks,0.005
"T = 2.269 (T_c, hs_dataDriven)",data/32Ising_T2.269185314213022_hs_dataDriven,32,2.269185314213022,16000,4,2,cross_gauge,v5_gauge_w1,0.007775564780032263
"T = 2.269 (T_c, hs_dataDriven)",data/32Ising_T2.269185314213022_hs_dataDriven,32,2.269185314213022,16000,4,2,cross_gauge,v5_gauge_rms_g,nan
"T = 2.269 (T_c, hs_dataDriven)",data/32Ising_T2.269185314213022_hs_dataDriven,32,2.269185314213022,16000,5,1,cross_gauge,v5_gauge_ks,0.014
"T = 2.269 (T_c, hs_dataDriven)",data/32Ising_T2.269185314213022_hs_dataDriven,32,2.269185314213022,16000,5,1,cross_gauge,v5_gauge_w1,0.018240946343714294
"T = 2.269 (T_c, hs_dataDriven)",data/32Ising_T2.269185314213022_hs_dataDriven,32,2.269185314213022,16000,5,1,cross_gauge,v5_gauge_rms_g,nan
"T = 2.269 (T_c, hs_bignet)",data/32Ising_T2.269_hs_bignet,32,2.269185314213022,9500,0,32,cross_gauge,v5_gauge_ks,0.004729999999999901
"T = 2.269 (T_c, hs_bignet)",data/32Ising_T2.269_hs_bignet,32,2.269185314213022,9500,0,32,cross_gauge,v5_gauge_w1,0.013339982325982411
"T = 2.269 (T_c, hs_bignet)",data/32Ising_T2.269_hs_bignet,32,2.269185314213022,9500,0,32,cross_gauge,v5_gauge_rms_g,0.0
"T = 2.269 (T_c, hs_bignet)",data/32Ising_T2.269_hs_bignet,32,2.269185314213022,9500,1,16,cross_gauge,v5_gauge_ks,0.0018799999999999928
"T = 2.269 (T_c, hs_bignet)",data/32Ising_T2.269_hs_bignet,32,2.269185314213022,9500,1,16,cross_gauge,v5_gauge_w1,0.019370637275889835
"T = 2.269 (T_c, hs_bignet)",data/32Ising_T2.269_hs_bignet,32,2.269185314213022,9500,1,16,cross_gauge,v5_gauge_rms_g,0.059070587158203125
"T = 2.269 (T_c, hs_bignet)",data/32Ising_T2.269_hs_bignet,32,2.269185314213022,9500,2,8,cross_gauge,v5_gauge_ks,0.0016406250000000067
"T = 2.269 (T_c, hs_bignet)",data/32Ising_T2.269_hs_bignet,32,2.269185314213022,9500,2,8,cross_gauge,v5_gauge_w1,0.009960928390433053
"T = 2.269 (T_c, hs_bignet)",data/32Ising_T2.269_hs_bignet,32,2.269185314213022,9500,2,8,cross_gauge,v5_gauge_rms_g,0.02946103736758232
"T = 2.269 (T_c, hs_bignet)",data/32Ising_T2.269_hs_bignet,32,2.269185314213022,9500,3,4,cross_gauge,v5_gauge_ks,0.004093750000000007
"T = 2.269 (T_c, hs_bignet)",data/32Ising_T2.269_hs_bignet,32,2.269185314213022,9500,3,4,cross_gauge,v5_gauge_w1,0.009726493048161764
"T = 2.269 (T_c, hs_bignet)",data/32Ising_T2.269_hs_bignet,32,2.269185314213022,9500,3,4,cross_gauge,v5_gauge_rms_g,0.0365312434732914
"T = 2.269 (T_c, hs_bignet)",data/32Ising_T2.269_hs_bignet,32,2.269185314213022,9500,4,2,cross_gauge,v5_gauge_ks,0.004625
"T = 2.269 (T_c, hs_bignet)",data/32Ising_T2.269_hs_bignet,32,2.269185314213022,9500,4,2,cross_gauge,v5_gauge_w1,0.005399496432097294
"T = 2.269 (T_c, hs_bignet)",data/32Ising_T2.269_hs_bignet,32,2.269185314213022,9500,4,2,cross_gauge,v5_gauge_rms_g,nan
"T = 2.269 (T_c, hs_bignet)",data/32Ising_T2.269_hs_bignet,32,2.269185314213022,9500,5,1,cross_gauge,v5_gauge_ks,0.011
"T = 2.269 (T_c, hs_bignet)",data/32Ising_T2.269_hs_bignet,32,2.269185314213022,9500,5,1,cross_gauge,v5_gauge_w1,0.015173242475189882
"T = 2.269 (T_c, hs_bignet)",data/32Ising_T2.269_hs_bignet,32,2.269185314213022,9500,5,1,cross_gauge,v5_gauge_rms_g,nan
T_c sym_bignet (rev-KL),data/32Ising_T2.269_sym_bignet,32,2.269,5950,0,32,cross_gauge,v5_gauge_ks,0.004729999999999901
T_c sym_bignet (rev-KL),data/32Ising_T2.269_sym_bignet,32,2.269,5950,0,32,cross_gauge,v5_gauge_w1,0.013339982325982411
T_c sym_bignet (rev-KL),data/32Ising_T2.269_sym_bignet,32,2.269,5950,0,32,cross_gauge,v5_gauge_rms_g,0.0
T_c sym_bignet (rev-KL),data/32Ising_T2.269_sym_bignet,32,2.269,5950,1,16,cross_gauge,v5_gauge_ks,0.0023050000000000015
T_c sym_bignet (rev-KL),data/32Ising_T2.269_sym_bignet,32,2.269,5950,1,16,cross_gauge,v5_gauge_w1,0.009580356678748726
T_c sym_bignet (rev-KL),data/32Ising_T2.269_sym_bignet,32,2.269,5950,1,16,cross_gauge,v5_gauge_rms_g,0.5119196176528931
T_c sym_bignet (rev-KL),data/32Ising_T2.269_sym_bignet,32,2.269,5950,2,8,cross_gauge,v5_gauge_ks,0.0018124999999999947
T_c sym_bignet (rev-KL),data/32Ising_T2.269_sym_bignet,32,2.269,5950,2,8,cross_gauge,v5_gauge_w1,0.011461953988838132
T_c sym_bignet (rev-KL),data/32Ising_T2.269_sym_bignet,32,2.269,5950,2,8,cross_gauge,v5_gauge_rms_g,0.5387076139450073
T_c sym_bignet (rev-KL),data/32Ising_T2.269_sym_bignet,32,2.269,5950,3,4,cross_gauge,v5_gauge_ks,0.0018124999999999947
T_c sym_bignet (rev-KL),data/32Ising_T2.269_sym_bignet,32,2.269,5950,3,4,cross_gauge,v5_gauge_w1,0.009299924754535453
T_c sym_bignet (rev-KL),data/32Ising_T2.269_sym_bignet,32,2.269,5950,3,4,cross_gauge,v5_gauge_rms_g,0.4849080741405487
T_c sym_bignet (rev-KL),data/32Ising_T2.269_sym_bignet,32,2.269,5950,4,2,cross_gauge,v5_gauge_ks,0.006
T_c sym_bignet (rev-KL),data/32Ising_T2.269_sym_bignet,32,2.269,5950,4,2,cross_gauge,v5_gauge_w1,0.006647131865346628
T_c sym_bignet (rev-KL),data/32Ising_T2.269_sym_bignet,32,2.269,5950,4,2,cross_gauge,v5_gauge_rms_g,nan
T_c sym_bignet (rev-KL),data/32Ising_T2.269_sym_bignet,32,2.269,5950,5,1,cross_gauge,v5_gauge_ks,0.0095
T_c sym_bignet (rev-KL),data/32Ising_T2.269_sym_bignet,32,2.269,5950,5,1,cross_gauge,v5_gauge_w1,0.009902752721822219
T_c sym_bignet (rev-KL),data/32Ising_T2.269_sym_bignet,32,2.269,5950,5,1,cross_gauge,v5_gauge_rms_g,nan
T_c pathgrad_bignet_long_ext (STL),data/32Ising_T2.269_pathgrad_bignet_long_ext,32,2.269,4950,0,32,cross_gauge,v5_gauge_ks,0.004729999999999901
T_c pathgrad_bignet_long_ext (STL),data/32Ising_T2.269_pathgrad_bignet_long_ext,32,2.269,4950,0,32,cross_gauge,v5_gauge_w1,0.013339982325982411
T_c pathgrad_bignet_long_ext (STL),data/32Ising_T2.269_pathgrad_bignet_long_ext,32,2.269,4950,0,32,cross_gauge,v5_gauge_rms_g,0.0
T_c pathgrad_bignet_long_ext (STL),data/32Ising_T2.269_pathgrad_bignet_long_ext,32,2.269,4950,1,16,cross_gauge,v5_gauge_ks,0.002585000000000004
T_c pathgrad_bignet_long_ext (STL),data/32Ising_T2.269_pathgrad_bignet_long_ext,32,2.269,4950,1,16,cross_gauge,v5_gauge_w1,0.007524900934866579
T_c pathgrad_bignet_long_ext (STL),data/32Ising_T2.269_pathgrad_bignet_long_ext,32,2.269,4950,1,16,cross_gauge,v5_gauge_rms_g,0.5089258551597595
T_c pathgrad_bignet_long_ext (STL),data/32Ising_T2.269_pathgrad_bignet_long_ext,32,2.269,4950,2,8,cross_gauge,v5_gauge_ks,0.001554687499999985
T_c pathgrad_bignet_long_ext (STL),data/32Ising_T2.269_pathgrad_bignet_long_ext,32,2.269,4950,2,8,cross_gauge,v5_gauge_w1,0.012039100861794425
T_c pathgrad_bignet_long_ext (STL),data/32Ising_T2.269_pathgrad_bignet_long_ext,32,2.269,4950,2,8,cross_gauge,v5_gauge_rms_g,0.5215474963188171
T_c pathgrad_bignet_long_ext (STL),data/32Ising_T2.269_pathgrad_bignet_long_ext,32,2.269,4950,3,4,cross_gauge,v5_gauge_ks,0.003375000000000017
T_c pathgrad_bignet_long_ext (STL),data/32Ising_T2.269_pathgrad_bignet_long_ext,32,2.269,4950,3,4,cross_gauge,v5_gauge_w1,0.010881271219304236
T_c pathgrad_bignet_long_ext (STL),data/32Ising_T2.269_pathgrad_bignet_long_ext,32,2.269,4950,3,4,cross_gauge,v5_gauge_rms_g,0.464218407869339
T_c pathgrad_bignet_long_ext (STL),data/32Ising_T2.269_pathgrad_bignet_long_ext,32,2.269,4950,4,2,cross_gauge,v5_gauge_ks,0.005625
T_c pathgrad_bignet_long_ext (STL),data/32Ising_T2.269_pathgrad_bignet_long_ext,32,2.269,4950,4,2,cross_gauge,v5_gauge_w1,0.008503282338401733
T_c pathgrad_bignet_long_ext (STL),data/32Ising_T2.269_pathgrad_bignet_long_ext,32,2.269,4950,4,2,cross_gauge,v5_gauge_rms_g,nan
T_c pathgrad_bignet_long_ext (STL),data/32Ising_T2.269_pathgrad_bignet_long_ext,32,2.269,4950,5,1,cross_gauge,v5_gauge_ks,0.009
T_c pathgrad_bignet_long_ext (STL),data/32Ising_T2.269_pathgrad_bignet_long_ext,32,2.269,4950,5,1,cross_gauge,v5_gauge_w1,0.010210782096187357
T_c pathgrad_bignet_long_ext (STL),data/32Ising_T2.269_pathgrad_bignet_long_ext,32,2.269,4950,5,1,cross_gauge,v5_gauge_rms_g,nan
"T = 2.40  (high T, disorder)",data/32Ising_T2.4_hs_dataDriven,32,2.4,17000,0,32,cross_gauge,v5_gauge_ks,0.0012550000000000061
"T = 2.40  (high T, disorder)",data/32Ising_T2.4_hs_dataDriven,32,2.4,17000,0,32,cross_gauge,v5_gauge_w1,0.014345419999786363
"T = 2.40  (high T, disorder)",data/32Ising_T2.4_hs_dataDriven,32,2.4,17000,0,32,cross_gauge,v5_gauge_rms_g,0.0
"T = 2.40  (high T, disorder)",data/32Ising_T2.4_hs_dataDriven,32,2.4,17000,1,16,cross_gauge,v5_gauge_ks,0.002589999999999981
"T = 2.40  (high T, disorder)",data/32Ising_T2.4_hs_dataDriven,32,2.4,17000,1,16,cross_gauge,v5_gauge_w1,0.011021528826669416
"T = 2.40  (high T, disorder)",data/32Ising_T2.4_hs_dataDriven,32,2.4,17000,1,16,cross_gauge,v5_gauge_rms_g,0.078593909740448
"T = 2.40  (high T, disorder)",data/32Ising_T2.4_hs_dataDriven,32,2.4,17000,2,8,cross_gauge,v5_gauge_ks,0.0017812500000000675
"T = 2.40  (high T, disorder)",data/32Ising_T2.4_hs_dataDriven,32,2.4,17000,2,8,cross_gauge,v5_gauge_w1,0.007662486047572373
"T = 2.40  (high T, disorder)",data/32Ising_T2.4_hs_dataDriven,32,2.4,17000,2,8,cross_gauge,v5_gauge_rms_g,0.06771071255207062
"T = 2.40  (high T, disorder)",data/32Ising_T2.4_hs_dataDriven,32,2.4,17000,3,4,cross_gauge,v5_gauge_ks,0.002687500000000065
"T = 2.40  (high T, disorder)",data/32Ising_T2.4_hs_dataDriven,32,2.4,17000,3,4,cross_gauge,v5_gauge_w1,0.0067846635478773214
"T = 2.40  (high T, disorder)",data/32Ising_T2.4_hs_dataDriven,32,2.4,17000,3,4,cross_gauge,v5_gauge_rms_g,0.0740431621670723
"T = 2.40  (high T, disorder)",data/32Ising_T2.4_hs_dataDriven,32,2.4,17000,4,2,cross_gauge,v5_gauge_ks,0.005125
"T = 2.40  (high T, disorder)",data/32Ising_T2.4_hs_dataDriven,32,2.4,17000,4,2,cross_gauge,v5_gauge_w1,0.005213175554240476
"T = 2.40  (high T, disorder)",data/32Ising_T2.4_hs_dataDriven,32,2.4,17000,4,2,cross_gauge,v5_gauge_rms_g,nan
"T = 2.40  (high T, disorder)",data/32Ising_T2.4_hs_dataDriven,32,2.4,17000,5,1,cross_gauge,v5_gauge_ks,0.0085
"T = 2.40  (high T, disorder)",data/32Ising_T2.4_hs_dataDriven,32,2.4,17000,5,1,cross_gauge,v5_gauge_w1,0.013952065969002416
"T = 2.40  (high T, disorder)",data/32Ising_T2.4_hs_dataDriven,32,2.4,17000,5,1,cross_gauge,v5_gauge_rms_g,nan
L=32 baseline_b64,data/32Ising_T2.269_hsBignet_baseline_b64,32,2.269185314213022,19800,0,32,cross_gauge,v5_gauge_ks,0.004729999999999901
L=32 baseline_b64,data/32Ising_T2.269_hsBignet_baseline_b64,32,2.269185314213022,19800,0,32,cross_gauge,v5_gauge_w1,0.013339982325982411
L=32 baseline_b64,data/32Ising_T2.269_hsBignet_baseline_b64,32,2.269185314213022,19800,0,32,cross_gauge,v5_gauge_rms_g,0.0
L=32 baseline_b64,data/32Ising_T2.269_hsBignet_baseline_b64,32,2.269185314213022,19800,1,16,cross_gauge,v5_gauge_ks,0.0021400000000000308
L=32 baseline_b64,data/32Ising_T2.269_hsBignet_baseline_b64,32,2.269185314213022,19800,1,16,cross_gauge,v5_gauge_w1,0.01951053144289171
L=32 baseline_b64,data/32Ising_T2.269_hsBignet_baseline_b64,32,2.269185314213022,19800,1,16,cross_gauge,v5_gauge_rms_g,0.04122540354728699
L=32 baseline_b64,data/32Ising_T2.269_hsBignet_baseline_b64,32,2.269185314213022,19800,2,8,cross_gauge,v5_gauge_ks,0.0017812500000000675
L=32 baseline_b64,data/32Ising_T2.269_hsBignet_baseline_b64,32,2.269185314213022,19800,2,8,cross_gauge,v5_gauge_w1,0.012808403782712793
L=32 baseline_b64,data/32Ising_T2.269_hsBignet_baseline_b64,32,2.269185314213022,19800,2,8,cross_gauge,v5_gauge_rms_g,0.022366827353835106
L=32 baseline_b64,data/32Ising_T2.269_hsBignet_baseline_b64,32,2.269185314213022,19800,3,4,cross_gauge,v5_gauge_ks,0.0033437500000000897
L=32 baseline_b64,data/32Ising_T2.269_hsBignet_baseline_b64,32,2.269185314213022,19800,3,4,cross_gauge,v5_gauge_w1,0.008197623026150897
L=32 baseline_b64,data/32Ising_T2.269_hsBignet_baseline_b64,32,2.269185314213022,19800,3,4,cross_gauge,v5_gauge_rms_g,0.04105284437537193
L=32 baseline_b64,data/32Ising_T2.269_hsBignet_baseline_b64,32,2.269185314213022,19800,4,2,cross_gauge,v5_gauge_ks,0.006625
L=32 baseline_b64,data/32Ising_T2.269_hsBignet_baseline_b64,32,2.269185314213022,19800,4,2,cross_gauge,v5_gauge_w1,0.00805631238406806
L=32 baseline_b64,data/32Ising_T2.269_hsBignet_baseline_b64,32,2.269185314213022,19800,4,2,cross_gauge,v5_gauge_rms_g,nan
L=32 baseline_b64,data/32Ising_T2.269_hsBignet_baseline_b64,32,2.269185314213022,19800,5,1,cross_gauge,v5_gauge_ks,0.0085
L=32 baseline_b64,data/32Ising_T2.269_hsBignet_baseline_b64,32,2.269185314213022,19800,5,1,cross_gauge,v5_gauge_w1,0.01247163633055607
L=32 baseline_b64,data/32Ising_T2.269_hsBignet_baseline_b64,32,2.269185314213022,19800,5,1,cross_gauge,v5_gauge_rms_g,nan
L=32 iii1_lam1.0_b64 (+III.1),data/32Ising_T2.269_hsBignet_iii1_lam1.0_b64,32,2.269185314213022,19800,0,32,cross_gauge,v5_gauge_ks,0.004729999999999901
L=32 iii1_lam1.0_b64 (+III.1),data/32Ising_T2.269_hsBignet_iii1_lam1.0_b64,32,2.269185314213022,19800,0,32,cross_gauge,v5_gauge_w1,0.013339982325982411
L=32 iii1_lam1.0_b64 (+III.1),data/32Ising_T2.269_hsBignet_iii1_lam1.0_b64,32,2.269185314213022,19800,0,32,cross_gauge,v5_gauge_rms_g,0.0
L=32 iii1_lam1.0_b64 (+III.1),data/32Ising_T2.269_hsBignet_iii1_lam1.0_b64,32,2.269185314213022,19800,1,16,cross_gauge,v5_gauge_ks,0.0020500000000001073
L=32 iii1_lam1.0_b64 (+III.1),data/32Ising_T2.269_hsBignet_iii1_lam1.0_b64,32,2.269185314213022,19800,1,16,cross_gauge,v5_gauge_w1,0.01797572496773409
L=32 iii1_lam1.0_b64 (+III.1),data/32Ising_T2.269_hsBignet_iii1_lam1.0_b64,32,2.269185314213022,19800,1,16,cross_gauge,v5_gauge_rms_g,0.039354126900434494
L=32 iii1_lam1.0_b64 (+III.1),data/32Ising_T2.269_hsBignet_iii1_lam1.0_b64,32,2.269185314213022,19800,2,8,cross_gauge,v5_gauge_ks,0.0016875000000000084
L=32 iii1_lam1.0_b64 (+III.1),data/32Ising_T2.269_hsBignet_iii1_lam1.0_b64,32,2.269185314213022,19800,2,8,cross_gauge,v5_gauge_w1,0.01307503972956431
L=32 iii1_lam1.0_b64 (+III.1),data/32Ising_T2.269_hsBignet_iii1_lam1.0_b64,32,2.269185314213022,19800,2,8,cross_gauge,v5_gauge_rms_g,0.04270657151937485
L=32 iii1_lam1.0_b64 (+III.1),data/32Ising_T2.269_hsBignet_iii1_lam1.0_b64,32,2.269185314213022,19800,3,4,cross_gauge,v5_gauge_ks,0.002375000000000016
L=32 iii1_lam1.0_b64 (+III.1),data/32Ising_T2.269_hsBignet_iii1_lam1.0_b64,32,2.269185314213022,19800,3,4,cross_gauge,v5_gauge_w1,0.009965694337091139
L=32 iii1_lam1.0_b64 (+III.1),data/32Ising_T2.269_hsBignet_iii1_lam1.0_b64,32,2.269185314213022,19800,3,4,cross_gauge,v5_gauge_rms_g,0.01820659451186657
L=32 iii1_lam1.0_b64 (+III.1),data/32Ising_T2.269_hsBignet_iii1_lam1.0_b64,32,2.269185314213022,19800,4,2,cross_gauge,v5_gauge_ks,0.0055
L=32 iii1_lam1.0_b64 (+III.1),data/32Ising_T2.269_hsBignet_iii1_lam1.0_b64,32,2.269185314213022,19800,4,2,cross_gauge,v5_gauge_w1,0.005342898457606448
L=32 iii1_lam1.0_b64 (+III.1),data/32Ising_T2.269_hsBignet_iii1_lam1.0_b64,32,2.269185314213022,19800,4,2,cross_gauge,v5_gauge_rms_g,nan
L=32 iii1_lam1.0_b64 (+III.1),data/32Ising_T2.269_hsBignet_iii1_lam1.0_b64,32,2.269185314213022,19800,5,1,cross_gauge,v5_gauge_ks,0.009
L=32 iii1_lam1.0_b64 (+III.1),data/32Ising_T2.269_hsBignet_iii1_lam1.0_b64,32,2.269185314213022,19800,5,1,cross_gauge,v5_gauge_w1,0.010515532930548946
L=32 iii1_lam1.0_b64 (+III.1),data/32Ising_T2.269_hsBignet_iii1_lam1.0_b64,32,2.269185314213022,19800,5,1,cross_gauge,v5_gauge_rms_g,nan
L=32 i2_stride8h32_b64 (+I.2 cond),data/32Ising_T2.269_hsBignet_i2_stride8h32_b64,32,2.269185314213022,19800,0,32,cross_gauge,v5_gauge_ks,0.004729999999999901
L=32 i2_stride8h32_b64 (+I.2 cond),data/32Ising_T2.269_hsBignet_i2_stride8h32_b64,32,2.269185314213022,19800,0,32,cross_gauge,v5_gauge_w1,0.013339982325982411
L=32 i2_stride8h32_b64 (+I.2 cond),data/32Ising_T2.269_hsBignet_i2_stride8h32_b64,32,2.269185314213022,19800,0,32,cross_gauge,v5_gauge_rms_g,0.0
L=32 i2_stride8h32_b64 (+I.2 cond),data/32Ising_T2.269_hsBignet_i2_stride8h32_b64,32,2.269185314213022,19800,1,16,cross_gauge,v5_gauge_ks,0.002035000000000009
L=32 i2_stride8h32_b64 (+I.2 cond),data/32Ising_T2.269_hsBignet_i2_stride8h32_b64,32,2.269185314213022,19800,1,16,cross_gauge,v5_gauge_w1,0.01436197103870481
L=32 i2_stride8h32_b64 (+I.2 cond),data/32Ising_T2.269_hsBignet_i2_stride8h32_b64,32,2.269185314213022,19800,1,16,cross_gauge,v5_gauge_rms_g,0.06260520219802856
L=32 i2_stride8h32_b64 (+I.2 cond),data/32Ising_T2.269_hsBignet_i2_stride8h32_b64,32,2.269185314213022,19800,2,8,cross_gauge,v5_gauge_ks,0.0023281250000000003
L=32 i2_stride8h32_b64 (+I.2 cond),data/32Ising_T2.269_hsBignet_i2_stride8h32_b64,32,2.269185314213022,19800,2,8,cross_gauge,v5_gauge_w1,0.011034303920339696
L=32 i2_stride8h32_b64 (+I.2 cond),data/32Ising_T2.269_hsBignet_i2_stride8h32_b64,32,2.269185314213022,19800,2,8,cross_gauge,v5_gauge_rms_g,0.047409024089574814
L=32 i2_stride8h32_b64 (+I.2 cond),data/32Ising_T2.269_hsBignet_i2_stride8h32_b64,32,2.269185314213022,19800,3,4,cross_gauge,v5_gauge_ks,0.002375000000000016
L=32 i2_stride8h32_b64 (+I.2 cond),data/32Ising_T2.269_hsBignet_i2_stride8h32_b64,32,2.269185314213022,19800,3,4,cross_gauge,v5_gauge_w1,0.011351874910934383
L=32 i2_stride8h32_b64 (+I.2 cond),data/32Ising_T2.269_hsBignet_i2_stride8h32_b64,32,2.269185314213022,19800,3,4,cross_gauge,v5_gauge_rms_g,0.002941765822470188
L=32 i2_stride8h32_b64 (+I.2 cond),data/32Ising_T2.269_hsBignet_i2_stride8h32_b64,32,2.269185314213022,19800,4,2,cross_gauge,v5_gauge_ks,0.00525
L=32 i2_stride8h32_b64 (+I.2 cond),data/32Ising_T2.269_hsBignet_i2_stride8h32_b64,32,2.269185314213022,19800,4,2,cross_gauge,v5_gauge_w1,0.008159083469028687
L=32 i2_stride8h32_b64 (+I.2 cond),data/32Ising_T2.269_hsBignet_i2_stride8h32_b64,32,2.269185314213022,19800,4,2,cross_gauge,v5_gauge_rms_g,nan
L=32 i2_stride8h32_b64 (+I.2 cond),data/32Ising_T2.269_hsBignet_i2_stride8h32_b64,32,2.269185314213022,19800,5,1,cross_gauge,v5_gauge_ks,0.0125
L=32 i2_stride8h32_b64 (+I.2 cond),data/32Ising_T2.269_hsBignet_i2_stride8h32_b64,32,2.269185314213022,19800,5,1,cross_gauge,v5_gauge_w1,0.012912784849359014
L=32 i2_stride8h32_b64 (+I.2 cond),data/32Ising_T2.269_hsBignet_i2_stride8h32_b64,32,2.269185314213022,19800,5,1,cross_gauge,v5_gauge_rms_g,nan
L=32 combined_lam1.0_b64 (I.2+III.1),data/32Ising_T2.269_hsBignet_combined_lam1.0_stride8h32_b64,32,2.269185314213022,19800,0,32,cross_gauge,v5_gauge_ks,0.004729999999999901
L=32 combined_lam1.0_b64 (I.2+III.1),data/32Ising_T2.269_hsBignet_combined_lam1.0_stride8h32_b64,32,2.269185314213022,19800,0,32,cross_gauge,v5_gauge_w1,0.013339982325982411
L=32 combined_lam1.0_b64 (I.2+III.1),data/32Ising_T2.269_hsBignet_combined_lam1.0_stride8h32_b64,32,2.269185314213022,19800,0,32,cross_gauge,v5_gauge_rms_g,0.0
L=32 combined_lam1.0_b64 (I.2+III.1),data/32Ising_T2.269_hsBignet_combined_lam1.0_stride8h32_b64,32,2.269185314213022,19800,1,16,cross_gauge,v5_gauge_ks,0.0018050000000000566
L=32 combined_lam1.0_b64 (I.2+III.1),data/32Ising_T2.269_hsBignet_combined_lam1.0_stride8h32_b64,32,2.269185314213022,19800,1,16,cross_gauge,v5_gauge_w1,0.015058202803615212
L=32 combined_lam1.0_b64 (I.2+III.1),data/32Ising_T2.269_hsBignet_combined_lam1.0_stride8h32_b64,32,2.269185314213022,19800,1,16,cross_gauge,v5_gauge_rms_g,0.09395410120487213
L=32 combined_lam1.0_b64 (I.2+III.1),data/32Ising_T2.269_hsBignet_combined_lam1.0_stride8h32_b64,32,2.269185314213022,19800,2,8,cross_gauge,v5_gauge_ks,0.0021171875000000062
L=32 combined_lam1.0_b64 (I.2+III.1),data/32Ising_T2.269_hsBignet_combined_lam1.0_stride8h32_b64,32,2.269185314213022,19800,2,8,cross_gauge,v5_gauge_w1,0.009882880406509326
L=32 combined_lam1.0_b64 (I.2+III.1),data/32Ising_T2.269_hsBignet_combined_lam1.0_stride8h32_b64,32,2.269185314213022,19800,2,8,cross_gauge,v5_gauge_rms_g,0.05543557181954384
L=32 combined_lam1.0_b64 (I.2+III.1),data/32Ising_T2.269_hsBignet_combined_lam1.0_stride8h32_b64,32,2.269185314213022,19800,3,4,cross_gauge,v5_gauge_ks,0.00296875000000002
L=32 combined_lam1.0_b64 (I.2+III.1),data/32Ising_T2.269_hsBignet_combined_lam1.0_stride8h32_b64,32,2.269185314213022,19800,3,4,cross_gauge,v5_gauge_w1,0.009934249952056055
L=32 combined_lam1.0_b64 (I.2+III.1),data/32Ising_T2.269_hsBignet_combined_lam1.0_stride8h32_b64,32,2.269185314213022,19800,3,4,cross_gauge,v5_gauge_rms_g,0.01878109946846962
L=32 combined_lam1.0_b64 (I.2+III.1),data/32Ising_T2.269_hsBignet_combined_lam1.0_stride8h32_b64,32,2.269185314213022,19800,4,2,cross_gauge,v5_gauge_ks,0.006
L=32 combined_lam1.0_b64 (I.2+III.1),data/32Ising_T2.269_hsBignet_combined_lam1.0_stride8h32_b64,32,2.269185314213022,19800,4,2,cross_gauge,v5_gauge_w1,0.007260295695447033
L=32 combined_lam1.0_b64 (I.2+III.1),data/32Ising_T2.269_hsBignet_combined_lam1.0_stride8h32_b64,32,2.269185314213022,19800,4,2,cross_gauge,v5_gauge_rms_g,nan
L=32 combined_lam1.0_b64 (I.2+III.1),data/32Ising_T2.269_hsBignet_combined_lam1.0_stride8h32_b64,32,2.269185314213022,19800,5,1,cross_gauge,v5_gauge_ks,0.013
L=32 combined_lam1.0_b64 (I.2+III.1),data/32Ising_T2.269_hsBignet_combined_lam1.0_stride8h32_b64,32,2.269185314213022,19800,5,1,cross_gauge,v5_gauge_w1,0.016136444756026228
L=32 combined_lam1.0_b64 (I.2+III.1),data/32Ising_T2.269_hsBignet_combined_lam1.0_stride8h32_b64,32,2.269185314213022,19800,5,1,cross_gauge,v5_gauge_rms_g,nan
L=32 iii1_lam0.1_b64,data/32Ising_T2.269_hsBignet_iii1_lam0.1_b64,32,2.269185314213022,19800,0,32,cross_gauge,v5_gauge_ks,0.004729999999999901
L=32 iii1_lam0.1_b64,data/32Ising_T2.269_hsBignet_iii1_lam0.1_b64,32,2.269185314213022,19800,0,32,cross_gauge,v5_gauge_w1,0.013339982325982411
L=32 iii1_lam0.1_b64,data/32Ising_T2.269_hsBignet_iii1_lam0.1_b64,32,2.269185314213022,19800,0,32,cross_gauge,v5_gauge_rms_g,0.0
L=32 iii1_lam0.1_b64,data/32Ising_T2.269_hsBignet_iii1_lam0.1_b64,32,2.269185314213022,19800,1,16,cross_gauge,v5_gauge_ks,0.0017500000000000016
L=32 iii1_lam0.1_b64,data/32Ising_T2.269_hsBignet_iii1_lam0.1_b64,32,2.269185314213022,19800,1,16,cross_gauge,v5_gauge_w1,0.019276656655171875
L=32 iii1_lam0.1_b64,data/32Ising_T2.269_hsBignet_iii1_lam0.1_b64,32,2.269185314213022,19800,1,16,cross_gauge,v5_gauge_rms_g,0.059810854494571686
L=32 iii1_lam0.1_b64,data/32Ising_T2.269_hsBignet_iii1_lam0.1_b64,32,2.269185314213022,19800,2,8,cross_gauge,v5_gauge_ks,0.0017265625000000284
L=32 iii1_lam0.1_b64,data/32Ising_T2.269_hsBignet_iii1_lam0.1_b64,32,2.269185314213022,19800,2,8,cross_gauge,v5_gauge_w1,0.012585242903061435
L=32 iii1_lam0.1_b64,data/32Ising_T2.269_hsBignet_iii1_lam0.1_b64,32,2.269185314213022,19800,2,8,cross_gauge,v5_gauge_rms_g,0.053012460470199585
L=32 iii1_lam0.1_b64,data/32Ising_T2.269_hsBignet_iii1_lam0.1_b64,32,2.269185314213022,19800,3,4,cross_gauge,v5_gauge_ks,0.0031562499999999993
L=32 iii1_lam0.1_b64,data/32Ising_T2.269_hsBignet_iii1_lam0.1_b64,32,2.269185314213022,19800,3,4,cross_gauge,v5_gauge_w1,0.009381535593411167
L=32 iii1_lam0.1_b64,data/32Ising_T2.269_hsBignet_iii1_lam0.1_b64,32,2.269185314213022,19800,3,4,cross_gauge,v5_gauge_rms_g,0.02319926954805851
L=32 iii1_lam0.1_b64,data/32Ising_T2.269_hsBignet_iii1_lam0.1_b64,32,2.269185314213022,19800,4,2,cross_gauge,v5_gauge_ks,0.005125
L=32 iii1_lam0.1_b64,data/32Ising_T2.269_hsBignet_iii1_lam0.1_b64,32,2.269185314213022,19800,4,2,cross_gauge,v5_gauge_w1,0.006836023554911679
L=32 iii1_lam0.1_b64,data/32Ising_T2.269_hsBignet_iii1_lam0.1_b64,32,2.269185314213022,19800,4,2,cross_gauge,v5_gauge_rms_g,nan
L=32 iii1_lam0.1_b64,data/32Ising_T2.269_hsBignet_iii1_lam0.1_b64,32,2.269185314213022,19800,5,1,cross_gauge,v5_gauge_ks,0.0145
L=32 iii1_lam0.1_b64,data/32Ising_T2.269_hsBignet_iii1_lam0.1_b64,32,2.269185314213022,19800,5,1,cross_gauge,v5_gauge_w1,0.017989560559544746
L=32 iii1_lam0.1_b64,data/32Ising_T2.269_hsBignet_iii1_lam0.1_b64,32,2.269185314213022,19800,5,1,cross_gauge,v5_gauge_rms_g,nan
L=32 iii1_lam10.0_b64,data/32Ising_T2.269_hsBignet_iii1_lam10.0_b64,32,2.269185314213022,19800,0,32,cross_gauge,v5_gauge_ks,0.004729999999999901
L=32 iii1_lam10.0_b64,data/32Ising_T2.269_hsBignet_iii1_lam10.0_b64,32,2.269185314213022,19800,0,32,cross_gauge,v5_gauge_w1,0.013339982325982411
L=32 iii1_lam10.0_b64,data/32Ising_T2.269_hsBignet_iii1_lam10.0_b64,32,2.269185314213022,19800,0,32,cross_gauge,v5_gauge_rms_g,0.0
L=32 iii1_lam10.0_b64,data/32Ising_T2.269_hsBignet_iii1_lam10.0_b64,32,2.269185314213022,19800,1,16,cross_gauge,v5_gauge_ks,0.0025249999999999995
L=32 iii1_lam10.0_b64,data/32Ising_T2.269_hsBignet_iii1_lam10.0_b64,32,2.269185314213022,19800,1,16,cross_gauge,v5_gauge_w1,0.012417027564380876
L=32 iii1_lam10.0_b64,data/32Ising_T2.269_hsBignet_iii1_lam10.0_b64,32,2.269185314213022,19800,1,16,cross_gauge,v5_gauge_rms_g,0.47176265716552734
L=32 iii1_lam10.0_b64,data/32Ising_T2.269_hsBignet_iii1_lam10.0_b64,32,2.269185314213022,19800,2,8,cross_gauge,v5_gauge_ks,0.0015625000000000222
L=32 iii1_lam10.0_b64,data/32Ising_T2.269_hsBignet_iii1_lam10.0_b64,32,2.269185314213022,19800,2,8,cross_gauge,v5_gauge_w1,0.008518726593122219
L=32 iii1_lam10.0_b64,data/32Ising_T2.269_hsBignet_iii1_lam10.0_b64,32,2.269185314213022,19800,2,8,cross_gauge,v5_gauge_rms_g,0.3930915296077728
L=32 iii1_lam10.0_b64,data/32Ising_T2.269_hsBignet_iii1_lam10.0_b64,32,2.269185314213022,19800,3,4,cross_gauge,v5_gauge_ks,0.002875000000000072
L=32 iii1_lam10.0_b64,data/32Ising_T2.269_hsBignet_iii1_lam10.0_b64,32,2.269185314213022,19800,3,4,cross_gauge,v5_gauge_w1,0.010684409398383653
L=32 iii1_lam10.0_b64,data/32Ising_T2.269_hsBignet_iii1_lam10.0_b64,32,2.269185314213022,19800,3,4,cross_gauge,v5_gauge_rms_g,0.3494100868701935
L=32 iii1_lam10.0_b64,data/32Ising_T2.269_hsBignet_iii1_lam10.0_b64,32,2.269185314213022,19800,4,2,cross_gauge,v5_gauge_ks,0.007375
L=32 iii1_lam10.0_b64,data/32Ising_T2.269_hsBignet_iii1_lam10.0_b64,32,2.269185314213022,19800,4,2,cross_gauge,v5_gauge_w1,0.01002202769080033
L=32 iii1_lam10.0_b64,data/32Ising_T2.269_hsBignet_iii1_lam10.0_b64,32,2.269185314213022,19800,4,2,cross_gauge,v5_gauge_rms_g,nan
L=32 iii1_lam10.0_b64,data/32Ising_T2.269_hsBignet_iii1_lam10.0_b64,32,2.269185314213022,19800,5,1,cross_gauge,v5_gauge_ks,0.018
L=32 iii1_lam10.0_b64,data/32Ising_T2.269_hsBignet_iii1_lam10.0_b64,32,2.269185314213022,19800,5,1,cross_gauge,v5_gauge_w1,0.02990398147740325
L=32 iii1_lam10.0_b64,data/32Ising_T2.269_hsBignet_iii1_lam10.0_b64,32,2.269185314213022,19800,5,1,cross_gauge,v5_gauge_rms_g,nan
L=32 i2_stride4h32 (b128),data/32Ising_T2.269_hsBignet_i2_stride4h32,32,2.269185314213022,19800,0,32,cross_gauge,v5_gauge_ks,0.004729999999999901
L=32 i2_stride4h32 (b128),data/32Ising_T2.269_hsBignet_i2_stride4h32,32,2.269185314213022,19800,0,32,cross_gauge,v5_gauge_w1,0.013339982325982411
L=32 i2_stride4h32 (b128),data/32Ising_T2.269_hsBignet_i2_stride4h32,32,2.269185314213022,19800,0,32,cross_gauge,v5_gauge_rms_g,0.0
L=32 i2_stride4h32 (b128),data/32Ising_T2.269_hsBignet_i2_stride4h32,32,2.269185314213022,19800,1,16,cross_gauge,v5_gauge_ks,0.0018500000000000183
L=32 i2_stride4h32 (b128),data/32Ising_T2.269_hsBignet_i2_stride4h32,32,2.269185314213022,19800,1,16,cross_gauge,v5_gauge_w1,0.0141232274842424
L=32 i2_stride4h32 (b128),data/32Ising_T2.269_hsBignet_i2_stride4h32,32,2.269185314213022,19800,1,16,cross_gauge,v5_gauge_rms_g,0.09543081372976303
L=32 i2_stride4h32 (b128),data/32Ising_T2.269_hsBignet_i2_stride4h32,32,2.269185314213022,19800,2,8,cross_gauge,v5_gauge_ks,0.0019453125000000182
L=32 i2_stride4h32 (b128),data/32Ising_T2.269_hsBignet_i2_stride4h32,32,2.269185314213022,19800,2,8,cross_gauge,v5_gauge_w1,0.008981962084587004
L=32 i2_stride4h32 (b128),data/32Ising_T2.269_hsBignet_i2_stride4h32,32,2.269185314213022,19800,2,8,cross_gauge,v5_gauge_rms_g,0.06089228019118309
L=32 i2_stride4h32 (b128),data/32Ising_T2.269_hsBignet_i2_stride4h32,32,2.269185314213022,19800,3,4,cross_gauge,v5_gauge_ks,0.0030624999999999958
L=32 i2_stride4h32 (b128),data/32Ising_T2.269_hsBignet_i2_stride4h32,32,2.269185314213022,19800,3,4,cross_gauge,v5_gauge_w1,0.009832755745276141
L=32 i2_stride4h32 (b128),data/32Ising_T2.269_hsBignet_i2_stride4h32,32,2.269185314213022,19800,3,4,cross_gauge,v5_gauge_rms_g,0.022480159997940063
L=32 i2_stride4h32 (b128),data/32Ising_T2.269_hsBignet_i2_stride4h32,32,2.269185314213022,19800,4,2,cross_gauge,v5_gauge_ks,0.006
L=32 i2_stride4h32 (b128),data/32Ising_T2.269_hsBignet_i2_stride4h32,32,2.269185314213022,19800,4,2,cross_gauge,v5_gauge_w1,0.006817769208642839
L=32 i2_stride4h32 (b128),data/32Ising_T2.269_hsBignet_i2_stride4h32,32,2.269185314213022,19800,4,2,cross_gauge,v5_gauge_rms_g,nan
L=32 i2_stride4h32 (b128),data/32Ising_T2.269_hsBignet_i2_stride4h32,32,2.269185314213022,19800,5,1,cross_gauge,v5_gauge_ks,0.008
L=32 i2_stride4h32 (b128),data/32Ising_T2.269_hsBignet_i2_stride4h32,32,2.269185314213022,19800,5,1,cross_gauge,v5_gauge_w1,0.012082161751437495
L=32 i2_stride4h32 (b128),data/32Ising_T2.269_hsBignet_i2_stride4h32,32,2.269185314213022,19800,5,1,cross_gauge,v5_gauge_rms_g,nan
L=32 i2_stride16h32 (b128),data/32Ising_T2.269_hsBignet_i2_stride16h32,32,2.269185314213022,19800,0,32,cross_gauge,v5_gauge_ks,0.004729999999999901
L=32 i2_stride16h32 (b128),data/32Ising_T2.269_hsBignet_i2_stride16h32,32,2.269185314213022,19800,0,32,cross_gauge,v5_gauge_w1,0.013339982325982411
L=32 i2_stride16h32 (b128),data/32Ising_T2.269_hsBignet_i2_stride16h32,32,2.269185314213022,19800,0,32,cross_gauge,v5_gauge_rms_g,0.0
L=32 i2_stride16h32 (b128),data/32Ising_T2.269_hsBignet_i2_stride16h32,32,2.269185314213022,19800,1,16,cross_gauge,v5_gauge_ks,0.0019200000000000328
L=32 i2_stride16h32 (b128),data/32Ising_T2.269_hsBignet_i2_stride16h32,32,2.269185314213022,19800,1,16,cross_gauge,v5_gauge_w1,0.016520727605604316
L=32 i2_stride16h32 (b128),data/32Ising_T2.269_hsBignet_i2_stride16h32,32,2.269185314213022,19800,1,16,cross_gauge,v5_gauge_rms_g,0.07706734538078308
L=32 i2_stride16h32 (b128),data/32Ising_T2.269_hsBignet_i2_stride16h32,32,2.269185314213022,19800,2,8,cross_gauge,v5_gauge_ks,0.001765625000000104
L=32 i2_stride16h32 (b128),data/32Ising_T2.269_hsBignet_i2_stride16h32,32,2.269185314213022,19800,2,8,cross_gauge,v5_gauge_w1,0.011689117892913839
L=32 i2_stride16h32 (b128),data/32Ising_T2.269_hsBignet_i2_stride16h32,32,2.269185314213022,19800,2,8,cross_gauge,v5_gauge_rms_g,0.046439338475465775
L=32 i2_stride16h32 (b128),data/32Ising_T2.269_hsBignet_i2_stride16h32,32,2.269185314213022,19800,3,4,cross_gauge,v5_gauge_ks,0.00275000000000003
L=32 i2_stride16h32 (b128),data/32Ising_T2.269_hsBignet_i2_stride16h32,32,2.269185314213022,19800,3,4,cross_gauge,v5_gauge_w1,0.009154165859512797
L=32 i2_stride16h32 (b128),data/32Ising_T2.269_hsBignet_i2_stride16h32,32,2.269185314213022,19800,3,4,cross_gauge,v5_gauge_rms_g,0.033936936408281326
L=32 i2_stride16h32 (b128),data/32Ising_T2.269_hsBignet_i2_stride16h32,32,2.269185314213022,19800,4,2,cross_gauge,v5_gauge_ks,0.006375
L=32 i2_stride16h32 (b128),data/32Ising_T2.269_hsBignet_i2_stride16h32,32,2.269185314213022,19800,4,2,cross_gauge,v5_gauge_w1,0.006146705660834417
L=32 i2_stride16h32 (b128),data/32Ising_T2.269_hsBignet_i2_stride16h32,32,2.269185314213022,19800,4,2,cross_gauge,v5_gauge_rms_g,nan
L=32 i2_stride16h32 (b128),data/32Ising_T2.269_hsBignet_i2_stride16h32,32,2.269185314213022,19800,5,1,cross_gauge,v5_gauge_ks,0.0145
L=32 i2_stride16h32 (b128),data/32Ising_T2.269_hsBignet_i2_stride16h32,32,2.269185314213022,19800,5,1,cross_gauge,v5_gauge_w1,0.013749315675224331
L=32 i2_stride16h32 (b128),data/32Ising_T2.269_hsBignet_i2_stride16h32,32,2.269185314213022,19800,5,1,cross_gauge,v5_gauge_rms_g,nan
L=32 i1_df4.0 (Student-t b128),data/32Ising_T2.269_hsBignet_i1_df4.0,32,2.269185314213022,19800,0,32,cross_gauge,v5_gauge_ks,0.004729999999999901
L=32 i1_df4.0 (Student-t b128),data/32Ising_T2.269_hsBignet_i1_df4.0,32,2.269185314213022,19800,0,32,cross_gauge,v5_gauge_w1,0.013339982325982411
L=32 i1_df4.0 (Student-t b128),data/32Ising_T2.269_hsBignet_i1_df4.0,32,2.269185314213022,19800,0,32,cross_gauge,v5_gauge_rms_g,0.0
L=32 i1_df4.0 (Student-t b128),data/32Ising_T2.269_hsBignet_i1_df4.0,32,2.269185314213022,19800,1,16,cross_gauge,v5_gauge_ks,0.0022350000000000148
L=32 i1_df4.0 (Student-t b128),data/32Ising_T2.269_hsBignet_i1_df4.0,32,2.269185314213022,19800,1,16,cross_gauge,v5_gauge_w1,0.01423484943225367
L=32 i1_df4.0 (Student-t b128),data/32Ising_T2.269_hsBignet_i1_df4.0,32,2.269185314213022,19800,1,16,cross_gauge,v5_gauge_rms_g,0.08327493071556091
L=32 i1_df4.0 (Student-t b128),data/32Ising_T2.269_hsBignet_i1_df4.0,32,2.269185314213022,19800,2,8,cross_gauge,v5_gauge_ks,0.0023671875000000897
L=32 i1_df4.0 (Student-t b128),data/32Ising_T2.269_hsBignet_i1_df4.0,32,2.269185314213022,19800,2,8,cross_gauge,v5_gauge_w1,0.01325596910964977
L=32 i1_df4.0 (Student-t b128),data/32Ising_T2.269_hsBignet_i1_df4.0,32,2.269185314213022,19800,2,8,cross_gauge,v5_gauge_rms_g,0.0617331862449646
L=32 i1_df4.0 (Student-t b128),data/32Ising_T2.269_hsBignet_i1_df4.0,32,2.269185314213022,19800,3,4,cross_gauge,v5_gauge_ks,0.003343750000000034
L=32 i1_df4.0 (Student-t b128),data/32Ising_T2.269_hsBignet_i1_df4.0,32,2.269185314213022,19800,3,4,cross_gauge,v5_gauge_w1,0.012733678186688848
L=32 i1_df4.0 (Student-t b128),data/32Ising_T2.269_hsBignet_i1_df4.0,32,2.269185314213022,19800,3,4,cross_gauge,v5_gauge_rms_g,0.08253617584705353
L=32 i1_df4.0 (Student-t b128),data/32Ising_T2.269_hsBignet_i1_df4.0,32,2.269185314213022,19800,4,2,cross_gauge,v5_gauge_ks,0.00425
L=32 i1_df4.0 (Student-t b128),data/32Ising_T2.269_hsBignet_i1_df4.0,32,2.269185314213022,19800,4,2,cross_gauge,v5_gauge_w1,0.005635620583053769
L=32 i1_df4.0 (Student-t b128),data/32Ising_T2.269_hsBignet_i1_df4.0,32,2.269185314213022,19800,4,2,cross_gauge,v5_gauge_rms_g,nan
L=32 i1_df4.0 (Student-t b128),data/32Ising_T2.269_hsBignet_i1_df4.0,32,2.269185314213022,19800,5,1,cross_gauge,v5_gauge_ks,0.01
L=32 i1_df4.0 (Student-t b128),data/32Ising_T2.269_hsBignet_i1_df4.0,32,2.269185314213022,19800,5,1,cross_gauge,v5_gauge_w1,0.012198524375700803
L=32 i1_df4.0 (Student-t b128),data/32Ising_T2.269_hsBignet_i1_df4.0,32,2.269185314213022,19800,5,1,cross_gauge,v5_gauge_rms_g,nan
L=64 baseline_b16,data/64Ising_T2.269_hsBignet_baseline_b16,64,2.269185314213022,19800,0,64,cross_gauge,v5_gauge_ks,0.003589999999999982
L=64 baseline_b16,data/64Ising_T2.269_hsBignet_baseline_b16,64,2.269185314213022,19800,0,64,cross_gauge,v5_gauge_w1,0.012169552201671742
L=64 baseline_b16,data/64Ising_T2.269_hsBignet_baseline_b16,64,2.269185314213022,19800,0,64,cross_gauge,v5_gauge_rms_g,0.0
L=64 baseline_b16,data/64Ising_T2.269_hsBignet_baseline_b16,64,2.269185314213022,19800,1,32,cross_gauge,v5_gauge_ks,0.0035900000000000376
L=64 baseline_b16,data/64Ising_T2.269_hsBignet_baseline_b16,64,2.269185314213022,19800,1,32,cross_gauge,v5_gauge_w1,0.013439578854900174
L=64 baseline_b16,data/64Ising_T2.269_hsBignet_baseline_b16,64,2.269185314213022,19800,1,32,cross_gauge,v5_gauge_rms_g,0.0713472068309784
L=64 baseline_b16,data/64Ising_T2.269_hsBignet_baseline_b16,64,2.269185314213022,19800,2,16,cross_gauge,v5_gauge_ks,0.003479999999999983
L=64 baseline_b16,data/64Ising_T2.269_hsBignet_baseline_b16,64,2.269185314213022,19800,2,16,cross_gauge,v5_gauge_w1,0.013715067371396803
L=64 baseline_b16,data/64Ising_T2.269_hsBignet_baseline_b16,64,2.269185314213022,19800,2,16,cross_gauge,v5_gauge_rms_g,0.04633905738592148
L=64 baseline_b16,data/64Ising_T2.269_hsBignet_baseline_b16,64,2.269185314213022,19800,3,8,cross_gauge,v5_gauge_ks,0.0019609375000000373
L=64 baseline_b16,data/64Ising_T2.269_hsBignet_baseline_b16,64,2.269185314213022,19800,3,8,cross_gauge,v5_gauge_w1,0.012523963732664883
L=64 baseline_b16,data/64Ising_T2.269_hsBignet_baseline_b16,64,2.269185314213022,19800,3,8,cross_gauge,v5_gauge_rms_g,0.04196368530392647
L=64 baseline_b16,data/64Ising_T2.269_hsBignet_baseline_b16,64,2.269185314213022,19800,4,4,cross_gauge,v5_gauge_ks,0.0045937500000000075
L=64 baseline_b16,data/64Ising_T2.269_hsBignet_baseline_b16,64,2.269185314213022,19800,4,4,cross_gauge,v5_gauge_w1,0.00795316977836518
L=64 baseline_b16,data/64Ising_T2.269_hsBignet_baseline_b16,64,2.269185314213022,19800,4,4,cross_gauge,v5_gauge_rms_g,0.034114837646484375
L=64 baseline_b16,data/64Ising_T2.269_hsBignet_baseline_b16,64,2.269185314213022,19800,5,2,cross_gauge,v5_gauge_ks,0.00675
L=64 baseline_b16,data/64Ising_T2.269_hsBignet_baseline_b16,64,2.269185314213022,19800,5,2,cross_gauge,v5_gauge_w1,0.011523642030272062
L=64 baseline_b16,data/64Ising_T2.269_hsBignet_baseline_b16,64,2.269185314213022,19800,5,2,cross_gauge,v5_gauge_rms_g,nan
L=64 baseline_b16,data/64Ising_T2.269_hsBignet_baseline_b16,64,2.269185314213022,19800,6,1,cross_gauge,v5_gauge_ks,0.0135
L=64 baseline_b16,data/64Ising_T2.269_hsBignet_baseline_b16,64,2.269185314213022,19800,6,1,cross_gauge,v5_gauge_w1,0.02202030971859947
L=64 baseline_b16,data/64Ising_T2.269_hsBignet_baseline_b16,64,2.269185314213022,19800,6,1,cross_gauge,v5_gauge_rms_g,nan
L=64 iii1_lam1.0_b16 (+III.1),data/64Ising_T2.269_hsBignet_iii1_lam1.0_b16,64,2.269185314213022,19800,0,64,cross_gauge,v5_gauge_ks,0.003589999999999982
L=64 iii1_lam1.0_b16 (+III.1),data/64Ising_T2.269_hsBignet_iii1_lam1.0_b16,64,2.269185314213022,19800,0,64,cross_gauge,v5_gauge_w1,0.012169552201671742
L=64 iii1_lam1.0_b16 (+III.1),data/64Ising_T2.269_hsBignet_iii1_lam1.0_b16,64,2.269185314213022,19800,0,64,cross_gauge,v5_gauge_rms_g,0.0
L=64 iii1_lam1.0_b16 (+III.1),data/64Ising_T2.269_hsBignet_iii1_lam1.0_b16,64,2.269185314213022,19800,1,32,cross_gauge,v5_gauge_ks,0.003290000000000015
L=64 iii1_lam1.0_b16 (+III.1),data/64Ising_T2.269_hsBignet_iii1_lam1.0_b16,64,2.269185314213022,19800,1,32,cross_gauge,v5_gauge_w1,0.013771204252948694
L=64 iii1_lam1.0_b16 (+III.1),data/64Ising_T2.269_hsBignet_iii1_lam1.0_b16,64,2.269185314213022,19800,1,32,cross_gauge,v5_gauge_rms_g,0.06503207981586456
L=64 iii1_lam1.0_b16 (+III.1),data/64Ising_T2.269_hsBignet_iii1_lam1.0_b16,64,2.269185314213022,19800,2,16,cross_gauge,v5_gauge_ks,0.003574999999999995
L=64 iii1_lam1.0_b16 (+III.1),data/64Ising_T2.269_hsBignet_iii1_lam1.0_b16,64,2.269185314213022,19800,2,16,cross_gauge,v5_gauge_w1,0.013222359860096731
L=64 iii1_lam1.0_b16 (+III.1),data/64Ising_T2.269_hsBignet_iii1_lam1.0_b16,64,2.269185314213022,19800,2,16,cross_gauge,v5_gauge_rms_g,0.03958650305867195
L=64 iii1_lam1.0_b16 (+III.1),data/64Ising_T2.269_hsBignet_iii1_lam1.0_b16,64,2.269185314213022,19800,3,8,cross_gauge,v5_gauge_ks,0.0022578125000000115
L=64 iii1_lam1.0_b16 (+III.1),data/64Ising_T2.269_hsBignet_iii1_lam1.0_b16,64,2.269185314213022,19800,3,8,cross_gauge,v5_gauge_w1,0.014449875191970343
L=64 iii1_lam1.0_b16 (+III.1),data/64Ising_T2.269_hsBignet_iii1_lam1.0_b16,64,2.269185314213022,19800,3,8,cross_gauge,v5_gauge_rms_g,0.03228189796209335
L=64 iii1_lam1.0_b16 (+III.1),data/64Ising_T2.269_hsBignet_iii1_lam1.0_b16,64,2.269185314213022,19800,4,4,cross_gauge,v5_gauge_ks,0.0037812500000000138
L=64 iii1_lam1.0_b16 (+III.1),data/64Ising_T2.269_hsBignet_iii1_lam1.0_b16,64,2.269185314213022,19800,4,4,cross_gauge,v5_gauge_w1,0.011033278963838019
L=64 iii1_lam1.0_b16 (+III.1),data/64Ising_T2.269_hsBignet_iii1_lam1.0_b16,64,2.269185314213022,19800,4,4,cross_gauge,v5_gauge_rms_g,0.034074168652296066
L=64 iii1_lam1.0_b16 (+III.1),data/64Ising_T2.269_hsBignet_iii1_lam1.0_b16,64,2.269185314213022,19800,5,2,cross_gauge,v5_gauge_ks,0.00575
L=64 iii1_lam1.0_b16 (+III.1),data/64Ising_T2.269_hsBignet_iii1_lam1.0_b16,64,2.269185314213022,19800,5,2,cross_gauge,v5_gauge_w1,0.013282283832693666
L=64 iii1_lam1.0_b16 (+III.1),data/64Ising_T2.269_hsBignet_iii1_lam1.0_b16,64,2.269185314213022,19800,5,2,cross_gauge,v5_gauge_rms_g,nan
L=64 iii1_lam1.0_b16 (+III.1),data/64Ising_T2.269_hsBignet_iii1_lam1.0_b16,64,2.269185314213022,19800,6,1,cross_gauge,v5_gauge_ks,0.011
L=64 iii1_lam1.0_b16 (+III.1),data/64Ising_T2.269_hsBignet_iii1_lam1.0_b16,64,2.269185314213022,19800,6,1,cross_gauge,v5_gauge_w1,0.015656388674616203
L=64 iii1_lam1.0_b16 (+III.1),data/64Ising_T2.269_hsBignet_iii1_lam1.0_b16,64,2.269185314213022,19800,6,1,cross_gauge,v5_gauge_rms_g,nan
L=64 i2_stride16h32_b16 (+I.2),data/64Ising_T2.269_hsBignet_i2_stride16h32_b16,64,2.269185314213022,19800,0,64,cross_gauge,v5_gauge_ks,0.003589999999999982
L=64 i2_stride16h32_b16 (+I.2),data/64Ising_T2.269_hsBignet_i2_stride16h32_b16,64,2.269185314213022,19800,0,64,cross_gauge,v5_gauge_w1,0.012169552201671742
L=64 i2_stride16h32_b16 (+I.2),data/64Ising_T2.269_hsBignet_i2_stride16h32_b16,64,2.269185314213022,19800,0,64,cross_gauge,v5_gauge_rms_g,0.0
L=64 i2_stride16h32_b16 (+I.2),data/64Ising_T2.269_hsBignet_i2_stride16h32_b16,64,2.269185314213022,19800,1,32,cross_gauge,v5_gauge_ks,0.0030950000000000144
L=64 i2_stride16h32_b16 (+I.2),data/64Ising_T2.269_hsBignet_i2_stride16h32_b16,64,2.269185314213022,19800,1,32,cross_gauge,v5_gauge_w1,0.012784596036062062
L=64 i2_stride16h32_b16 (+I.2),data/64Ising_T2.269_hsBignet_i2_stride16h32_b16,64,2.269185314213022,19800,1,32,cross_gauge,v5_gauge_rms_g,0.07710520923137665
L=64 i2_stride16h32_b16 (+I.2),data/64Ising_T2.269_hsBignet_i2_stride16h32_b16,64,2.269185314213022,19800,2,16,cross_gauge,v5_gauge_ks,0.0018799999999999928
L=64 i2_stride16h32_b16 (+I.2),data/64Ising_T2.269_hsBignet_i2_stride16h32_b16,64,2.269185314213022,19800,2,16,cross_gauge,v5_gauge_w1,0.012740167461124654
L=64 i2_stride16h32_b16 (+I.2),data/64Ising_T2.269_hsBignet_i2_stride16h32_b16,64,2.269185314213022,19800,2,16,cross_gauge,v5_gauge_rms_g,0.04603685438632965
L=64 i2_stride16h32_b16 (+I.2),data/64Ising_T2.269_hsBignet_i2_stride16h32_b16,64,2.269185314213022,19800,3,8,cross_gauge,v5_gauge_ks,0.0022812500000000124
L=64 i2_stride16h32_b16 (+I.2),data/64Ising_T2.269_hsBignet_i2_stride16h32_b16,64,2.269185314213022,19800,3,8,cross_gauge,v5_gauge_w1,0.011090818184437707
L=64 i2_stride16h32_b16 (+I.2),data/64Ising_T2.269_hsBignet_i2_stride16h32_b16,64,2.269185314213022,19800,3,8,cross_gauge,v5_gauge_rms_g,0.050907962024211884
L=64 i2_stride16h32_b16 (+I.2),data/64Ising_T2.269_hsBignet_i2_stride16h32_b16,64,2.269185314213022,19800,4,4,cross_gauge,v5_gauge_ks,0.0031250000000000444
L=64 i2_stride16h32_b16 (+I.2),data/64Ising_T2.269_hsBignet_i2_stride16h32_b16,64,2.269185314213022,19800,4,4,cross_gauge,v5_gauge_w1,0.00928116773236506
L=64 i2_stride16h32_b16 (+I.2),data/64Ising_T2.269_hsBignet_i2_stride16h32_b16,64,2.269185314213022,19800,4,4,cross_gauge,v5_gauge_rms_g,0.05205215886235237
L=64 i2_stride16h32_b16 (+I.2),data/64Ising_T2.269_hsBignet_i2_stride16h32_b16,64,2.269185314213022,19800,5,2,cross_gauge,v5_gauge_ks,0.006
L=64 i2_stride16h32_b16 (+I.2),data/64Ising_T2.269_hsBignet_i2_stride16h32_b16,64,2.269185314213022,19800,5,2,cross_gauge,v5_gauge_w1,0.007834549160719587
L=64 i2_stride16h32_b16 (+I.2),data/64Ising_T2.269_hsBignet_i2_stride16h32_b16,64,2.269185314213022,19800,5,2,cross_gauge,v5_gauge_rms_g,nan
L=64 i2_stride16h32_b16 (+I.2),data/64Ising_T2.269_hsBignet_i2_stride16h32_b16,64,2.269185314213022,19800,6,1,cross_gauge,v5_gauge_ks,0.0115
L=64 i2_stride16h32_b16 (+I.2),data/64Ising_T2.269_hsBignet_i2_stride16h32_b16,64,2.269185314213022,19800,6,1,cross_gauge,v5_gauge_w1,0.012602532836865965
L=64 i2_stride16h32_b16 (+I.2),data/64Ising_T2.269_hsBignet_i2_stride16h32_b16,64,2.269185314213022,19800,6,1,cross_gauge,v5_gauge_rms_g,nan
L=64 i1_df4.0_b16 (Student-t),data/64Ising_T2.269_hsBignet_i1_df4.0_b16,64,2.269185314213022,19800,0,64,cross_gauge,v5_gauge_ks,0.003589999999999982
L=64 i1_df4.0_b16 (Student-t),data/64Ising_T2.269_hsBignet_i1_df4.0_b16,64,2.269185314213022,19800,0,64,cross_gauge,v5_gauge_w1,0.012169552201671742
L=64 i1_df4.0_b16 (Student-t),data/64Ising_T2.269_hsBignet_i1_df4.0_b16,64,2.269185314213022,19800,0,64,cross_gauge,v5_gauge_rms_g,0.0
L=64 i1_df4.0_b16 (Student-t),data/64Ising_T2.269_hsBignet_i1_df4.0_b16,64,2.269185314213022,19800,1,32,cross_gauge,v5_gauge_ks,0.003400000000000014
L=64 i1_df4.0_b16 (Student-t),data/64Ising_T2.269_hsBignet_i1_df4.0_b16,64,2.269185314213022,19800,1,32,cross_gauge,v5_gauge_w1,0.015208925253437328
L=64 i1_df4.0_b16 (Student-t),data/64Ising_T2.269_hsBignet_i1_df4.0_b16,64,2.269185314213022,19800,1,32,cross_gauge,v5_gauge_rms_g,0.07768268883228302
L=64 i1_df4.0_b16 (Student-t),data/64Ising_T2.269_hsBignet_i1_df4.0_b16,64,2.269185314213022,19800,2,16,cross_gauge,v5_gauge_ks,0.0028699999999999837
L=64 i1_df4.0_b16 (Student-t),data/64Ising_T2.269_hsBignet_i1_df4.0_b16,64,2.269185314213022,19800,2,16,cross_gauge,v5_gauge_w1,0.0150795582242158
L=64 i1_df4.0_b16 (Student-t),data/64Ising_T2.269_hsBignet_i1_df4.0_b16,64,2.269185314213022,19800,2,16,cross_gauge,v5_gauge_rms_g,0.043648745864629745
L=64 i1_df4.0_b16 (Student-t),data/64Ising_T2.269_hsBignet_i1_df4.0_b16,64,2.269185314213022,19800,3,8,cross_gauge,v5_gauge_ks,0.0016406250000000622
L=64 i1_df4.0_b16 (Student-t),data/64Ising_T2.269_hsBignet_i1_df4.0_b16,64,2.269185314213022,19800,3,8,cross_gauge,v5_gauge_w1,0.013255169340045395
L=64 i1_df4.0_b16 (Student-t),data/64Ising_T2.269_hsBignet_i1_df4.0_b16,64,2.269185314213022,19800,3,8,cross_gauge,v5_gauge_rms_g,0.048556119203567505
L=64 i1_df4.0_b16 (Student-t),data/64Ising_T2.269_hsBignet_i1_df4.0_b16,64,2.269185314213022,19800,4,4,cross_gauge,v5_gauge_ks,0.00296875000000002
L=64 i1_df4.0_b16 (Student-t),data/64Ising_T2.269_hsBignet_i1_df4.0_b16,64,2.269185314213022,19800,4,4,cross_gauge,v5_gauge_w1,0.007982665450466445
L=64 i1_df4.0_b16 (Student-t),data/64Ising_T2.269_hsBignet_i1_df4.0_b16,64,2.269185314213022,19800,4,4,cross_gauge,v5_gauge_rms_g,0.0737849697470665
L=64 i1_df4.0_b16 (Student-t),data/64Ising_T2.269_hsBignet_i1_df4.0_b16,64,2.269185314213022,19800,5,2,cross_gauge,v5_gauge_ks,0.00625
L=64 i1_df4.0_b16 (Student-t),data/64Ising_T2.269_hsBignet_i1_df4.0_b16,64,2.269185314213022,19800,5,2,cross_gauge,v5_gauge_w1,0.008830426086404136
L=64 i1_df4.0_b16 (Student-t),data/64Ising_T2.269_hsBignet_i1_df4.0_b16,64,2.269185314213022,19800,5,2,cross_gauge,v5_gauge_rms_g,nan
L=64 i1_df4.0_b16 (Student-t),data/64Ising_T2.269_hsBignet_i1_df4.0_b16,64,2.269185314213022,19800,6,1,cross_gauge,v5_gauge_ks,0.0085
L=64 i1_df4.0_b16 (Student-t),data/64Ising_T2.269_hsBignet_i1_df4.0_b16,64,2.269185314213022,19800,6,1,cross_gauge,v5_gauge_w1,0.013722423251080702
L=64 i1_df4.0_b16 (Student-t),data/64Ising_T2.269_hsBignet_i1_df4.0_b16,64,2.269185314213022,19800,6,1,cross_gauge,v5_gauge_rms_g,nan
L=32 i2_stride4h32_b64 (Phase-2),data/32Ising_T2.269_hsBignet_i2_stride4h32_b64,32,2.269185314213022,19800,0,32,cross_gauge,v5_gauge_ks,0.004729999999999901
L=32 i2_stride4h32_b64 (Phase-2),data/32Ising_T2.269_hsBignet_i2_stride4h32_b64,32,2.269185314213022,19800,0,32,cross_gauge,v5_gauge_w1,0.013339982325982411
L=32 i2_stride4h32_b64 (Phase-2),data/32Ising_T2.269_hsBignet_i2_stride4h32_b64,32,2.269185314213022,19800,0,32,cross_gauge,v5_gauge_rms_g,0.0
L=32 i2_stride4h32_b64 (Phase-2),data/32Ising_T2.269_hsBignet_i2_stride4h32_b64,32,2.269185314213022,19800,1,16,cross_gauge,v5_gauge_ks,0.0017649999999999055
L=32 i2_stride4h32_b64 (Phase-2),data/32Ising_T2.269_hsBignet_i2_stride4h32_b64,32,2.269185314213022,19800,1,16,cross_gauge,v5_gauge_w1,0.015092213608212206
L=32 i2_stride4h32_b64 (Phase-2),data/32Ising_T2.269_hsBignet_i2_stride4h32_b64,32,2.269185314213022,19800,1,16,cross_gauge,v5_gauge_rms_g,0.10280110687017441
L=32 i2_stride4h32_b64 (Phase-2),data/32Ising_T2.269_hsBignet_i2_stride4h32_b64,32,2.269185314213022,19800,2,8,cross_gauge,v5_gauge_ks,0.001718750000000005
L=32 i2_stride4h32_b64 (Phase-2),data/32Ising_T2.269_hsBignet_i2_stride4h32_b64,32,2.269185314213022,19800,2,8,cross_gauge,v5_gauge_w1,0.00894304397078883
L=32 i2_stride4h32_b64 (Phase-2),data/32Ising_T2.269_hsBignet_i2_stride4h32_b64,32,2.269185314213022,19800,2,8,cross_gauge,v5_gauge_rms_g,0.06912196427583694
L=32 i2_stride4h32_b64 (Phase-2),data/32Ising_T2.269_hsBignet_i2_stride4h32_b64,32,2.269185314213022,19800,3,4,cross_gauge,v5_gauge_ks,0.0030937500000000062
L=32 i2_stride4h32_b64 (Phase-2),data/32Ising_T2.269_hsBignet_i2_stride4h32_b64,32,2.269185314213022,19800,3,4,cross_gauge,v5_gauge_w1,0.006342667801530453
L=32 i2_stride4h32_b64 (Phase-2),data/32Ising_T2.269_hsBignet_i2_stride4h32_b64,32,2.269185314213022,19800,3,4,cross_gauge,v5_gauge_rms_g,0.03569762036204338
L=32 i2_stride4h32_b64 (Phase-2),data/32Ising_T2.269_hsBignet_i2_stride4h32_b64,32,2.269185314213022,19800,4,2,cross_gauge,v5_gauge_ks,0.0055
L=32 i2_stride4h32_b64 (Phase-2),data/32Ising_T2.269_hsBignet_i2_stride4h32_b64,32,2.269185314213022,19800,4,2,cross_gauge,v5_gauge_w1,0.00804509274260952
L=32 i2_stride4h32_b64 (Phase-2),data/32Ising_T2.269_hsBignet_i2_stride4h32_b64,32,2.269185314213022,19800,4,2,cross_gauge,v5_gauge_rms_g,nan
L=32 i2_stride4h32_b64 (Phase-2),data/32Ising_T2.269_hsBignet_i2_stride4h32_b64,32,2.269185314213022,19800,5,1,cross_gauge,v5_gauge_ks,0.009
L=32 i2_stride4h32_b64 (Phase-2),data/32Ising_T2.269_hsBignet_i2_stride4h32_b64,32,2.269185314213022,19800,5,1,cross_gauge,v5_gauge_w1,0.011974684369175505
L=32 i2_stride4h32_b64 (Phase-2),data/32Ising_T2.269_hsBignet_i2_stride4h32_b64,32,2.269185314213022,19800,5,1,cross_gauge,v5_gauge_rms_g,nan
L=32 i2_stride8h64_b64 (Phase-2),data/32Ising_T2.269_hsBignet_i2_stride8h64_b64,32,2.269185314213022,19800,0,32,cross_gauge,v5_gauge_ks,0.004729999999999901
L=32 i2_stride8h64_b64 (Phase-2),data/32Ising_T2.269_hsBignet_i2_stride8h64_b64,32,2.269185314213022,19800,0,32,cross_gauge,v5_gauge_w1,0.013339982325982411
L=32 i2_stride8h64_b64 (Phase-2),data/32Ising_T2.269_hsBignet_i2_stride8h64_b64,32,2.269185314213022,19800,0,32,cross_gauge,v5_gauge_rms_g,0.0
L=32 i2_stride8h64_b64 (Phase-2),data/32Ising_T2.269_hsBignet_i2_stride8h64_b64,32,2.269185314213022,19800,1,16,cross_gauge,v5_gauge_ks,0.0014200000000000323
L=32 i2_stride8h64_b64 (Phase-2),data/32Ising_T2.269_hsBignet_i2_stride8h64_b64,32,2.269185314213022,19800,1,16,cross_gauge,v5_gauge_w1,0.019662807737614002
L=32 i2_stride8h64_b64 (Phase-2),data/32Ising_T2.269_hsBignet_i2_stride8h64_b64,32,2.269185314213022,19800,1,16,cross_gauge,v5_gauge_rms_g,0.06991390138864517
L=32 i2_stride8h64_b64 (Phase-2),data/32Ising_T2.269_hsBignet_i2_stride8h64_b64,32,2.269185314213022,19800,2,8,cross_gauge,v5_gauge_ks,0.001875000000000071
L=32 i2_stride8h64_b64 (Phase-2),data/32Ising_T2.269_hsBignet_i2_stride8h64_b64,32,2.269185314213022,19800,2,8,cross_gauge,v5_gauge_w1,0.008710578755470695
L=32 i2_stride8h64_b64 (Phase-2),data/32Ising_T2.269_hsBignet_i2_stride8h64_b64,32,2.269185314213022,19800,2,8,cross_gauge,v5_gauge_rms_g,0.03212498873472214
L=32 i2_stride8h64_b64 (Phase-2),data/32Ising_T2.269_hsBignet_i2_stride8h64_b64,32,2.269185314213022,19800,3,4,cross_gauge,v5_gauge_ks,0.002312499999999995
L=32 i2_stride8h64_b64 (Phase-2),data/32Ising_T2.269_hsBignet_i2_stride8h64_b64,32,2.269185314213022,19800,3,4,cross_gauge,v5_gauge_w1,0.007652976800432941
L=32 i2_stride8h64_b64 (Phase-2),data/32Ising_T2.269_hsBignet_i2_stride8h64_b64,32,2.269185314213022,19800,3,4,cross_gauge,v5_gauge_rms_g,0.03418227285146713
L=32 i2_stride8h64_b64 (Phase-2),data/32Ising_T2.269_hsBignet_i2_stride8h64_b64,32,2.269185314213022,19800,4,2,cross_gauge,v5_gauge_ks,0.005125
L=32 i2_stride8h64_b64 (Phase-2),data/32Ising_T2.269_hsBignet_i2_stride8h64_b64,32,2.269185314213022,19800,4,2,cross_gauge,v5_gauge_w1,0.008656952757198261
L=32 i2_stride8h64_b64 (Phase-2),data/32Ising_T2.269_hsBignet_i2_stride8h64_b64,32,2.269185314213022,19800,4,2,cross_gauge,v5_gauge_rms_g,nan
L=32 i2_stride8h64_b64 (Phase-2),data/32Ising_T2.269_hsBignet_i2_stride8h64_b64,32,2.269185314213022,19800,5,1,cross_gauge,v5_gauge_ks,0.0085
L=32 i2_stride8h64_b64 (Phase-2),data/32Ising_T2.269_hsBignet_i2_stride8h64_b64,32,2.269185314213022,19800,5,1,cross_gauge,v5_gauge_w1,0.012311939010447536
L=32 i2_stride8h64_b64 (Phase-2),data/32Ising_T2.269_hsBignet_i2_stride8h64_b64,32,2.269185314213022,19800,5,1,cross_gauge,v5_gauge_rms_g,nan
L=64 i2_stride8h32_b16 (Phase-2),data/64Ising_T2.269_hsBignet_i2_stride8h32_b16,64,2.269185314213022,19800,0,64,cross_gauge,v5_gauge_ks,0.003589999999999982
L=64 i2_stride8h32_b16 (Phase-2),data/64Ising_T2.269_hsBignet_i2_stride8h32_b16,64,2.269185314213022,19800,0,64,cross_gauge,v5_gauge_w1,0.012169552201671742
L=64 i2_stride8h32_b16 (Phase-2),data/64Ising_T2.269_hsBignet_i2_stride8h32_b16,64,2.269185314213022,19800,0,64,cross_gauge,v5_gauge_rms_g,0.0
L=64 i2_stride8h32_b16 (Phase-2),data/64Ising_T2.269_hsBignet_i2_stride8h32_b16,64,2.269185314213022,19800,1,32,cross_gauge,v5_gauge_ks,0.003510000000000013
L=64 i2_stride8h32_b16 (Phase-2),data/64Ising_T2.269_hsBignet_i2_stride8h32_b16,64,2.269185314213022,19800,1,32,cross_gauge,v5_gauge_w1,0.012486524439554338
L=64 i2_stride8h32_b16 (Phase-2),data/64Ising_T2.269_hsBignet_i2_stride8h32_b16,64,2.269185314213022,19800,1,32,cross_gauge,v5_gauge_rms_g,0.06720837950706482
L=64 i2_stride8h32_b16 (Phase-2),data/64Ising_T2.269_hsBignet_i2_stride8h32_b16,64,2.269185314213022,19800,2,16,cross_gauge,v5_gauge_ks,0.002870000000000039
L=64 i2_stride8h32_b16 (Phase-2),data/64Ising_T2.269_hsBignet_i2_stride8h32_b16,64,2.269185314213022,19800,2,16,cross_gauge,v5_gauge_w1,0.013507279590261802
L=64 i2_stride8h32_b16 (Phase-2),data/64Ising_T2.269_hsBignet_i2_stride8h32_b16,64,2.269185314213022,19800,2,16,cross_gauge,v5_gauge_rms_g,0.039341531693935394
L=64 i2_stride8h32_b16 (Phase-2),data/64Ising_T2.269_hsBignet_i2_stride8h32_b16,64,2.269185314213022,19800,3,8,cross_gauge,v5_gauge_ks,0.0015937500000000049
L=64 i2_stride8h32_b16 (Phase-2),data/64Ising_T2.269_hsBignet_i2_stride8h32_b16,64,2.269185314213022,19800,3,8,cross_gauge,v5_gauge_w1,0.012668991390871224
L=64 i2_stride8h32_b16 (Phase-2),data/64Ising_T2.269_hsBignet_i2_stride8h32_b16,64,2.269185314213022,19800,3,8,cross_gauge,v5_gauge_rms_g,0.030423512682318687
L=64 i2_stride8h32_b16 (Phase-2),data/64Ising_T2.269_hsBignet_i2_stride8h32_b16,64,2.269185314213022,19800,4,4,cross_gauge,v5_gauge_ks,0.0026249999999999885
L=64 i2_stride8h32_b16 (Phase-2),data/64Ising_T2.269_hsBignet_i2_stride8h32_b16,64,2.269185314213022,19800,4,4,cross_gauge,v5_gauge_w1,0.008928964096587505
L=64 i2_stride8h32_b16 (Phase-2),data/64Ising_T2.269_hsBignet_i2_stride8h32_b16,64,2.269185314213022,19800,4,4,cross_gauge,v5_gauge_rms_g,0.04463532567024231
L=64 i2_stride8h32_b16 (Phase-2),data/64Ising_T2.269_hsBignet_i2_stride8h32_b16,64,2.269185314213022,19800,5,2,cross_gauge,v5_gauge_ks,0.004625
L=64 i2_stride8h32_b16 (Phase-2),data/64Ising_T2.269_hsBignet_i2_stride8h32_b16,64,2.269185314213022,19800,5,2,cross_gauge,v5_gauge_w1,0.006169687069927568
L=64 i2_stride8h32_b16 (Phase-2),data/64Ising_T2.269_hsBignet_i2_stride8h32_b16,64,2.269185314213022,19800,5,2,cross_gauge,v5_gauge_rms_g,nan
L=64 i2_stride8h32_b16 (Phase-2),data/64Ising_T2.269_hsBignet_i2_stride8h32_b16,64,2.269185314213022,19800,6,1,cross_gauge,v5_gauge_ks,0.0105
L=64 i2_stride8h32_b16 (Phase-2),data/64Ising_T2.269_hsBignet_i2_stride8h32_b16,64,2.269185314213022,19800,6,1,cross_gauge,v5_gauge_w1,0.014929166361015631
L=64 i2_stride8h32_b16 (Phase-2),data/64Ising_T2.269_hsBignet_i2_stride8h32_b16,64,2.269185314213022,19800,6,1,cross_gauge,v5_gauge_rms_g,nan
L=64 i2_stride4h32_b16 (Phase-2),data/64Ising_T2.269_hsBignet_i2_stride4h32_b16,64,2.269185314213022,19800,0,64,cross_gauge,v5_gauge_ks,0.003589999999999982
L=64 i2_stride4h32_b16 (Phase-2),data/64Ising_T2.269_hsBignet_i2_stride4h32_b16,64,2.269185314213022,19800,0,64,cross_gauge,v5_gauge_w1,0.012169552201671742
L=64 i2_stride4h32_b16 (Phase-2),data/64Ising_T2.269_hsBignet_i2_stride4h32_b16,64,2.269185314213022,19800,0,64,cross_gauge,v5_gauge_rms_g,0.0
L=64 i2_stride4h32_b16 (Phase-2),data/64Ising_T2.269_hsBignet_i2_stride4h32_b16,64,2.269185314213022,19800,1,32,cross_gauge,v5_gauge_ks,0.003324999999999967
L=64 i2_stride4h32_b16 (Phase-2),data/64Ising_T2.269_hsBignet_i2_stride4h32_b16,64,2.269185314213022,19800,1,32,cross_gauge,v5_gauge_w1,0.011866704870324062
L=64 i2_stride4h32_b16 (Phase-2),data/64Ising_T2.269_hsBignet_i2_stride4h32_b16,64,2.269185314213022,19800,1,32,cross_gauge,v5_gauge_rms_g,0.09969419986009598
L=64 i2_stride4h32_b16 (Phase-2),data/64Ising_T2.269_hsBignet_i2_stride4h32_b16,64,2.269185314213022,19800,2,16,cross_gauge,v5_gauge_ks,0.0022000000000000353
L=64 i2_stride4h32_b16 (Phase-2),data/64Ising_T2.269_hsBignet_i2_stride4h32_b16,64,2.269185314213022,19800,2,16,cross_gauge,v5_gauge_w1,0.011091555611057454
L=64 i2_stride4h32_b16 (Phase-2),data/64Ising_T2.269_hsBignet_i2_stride4h32_b16,64,2.269185314213022,19800,2,16,cross_gauge,v5_gauge_rms_g,0.056735098361968994
L=64 i2_stride4h32_b16 (Phase-2),data/64Ising_T2.269_hsBignet_i2_stride4h32_b16,64,2.269185314213022,19800,3,8,cross_gauge,v5_gauge_ks,0.002234374999999983
L=64 i2_stride4h32_b16 (Phase-2),data/64Ising_T2.269_hsBignet_i2_stride4h32_b16,64,2.269185314213022,19800,3,8,cross_gauge,v5_gauge_w1,0.011245255514183141
L=64 i2_stride4h32_b16 (Phase-2),data/64Ising_T2.269_hsBignet_i2_stride4h32_b16,64,2.269185314213022,19800,3,8,cross_gauge,v5_gauge_rms_g,0.06140194460749626
L=64 i2_stride4h32_b16 (Phase-2),data/64Ising_T2.269_hsBignet_i2_stride4h32_b16,64,2.269185314213022,19800,4,4,cross_gauge,v5_gauge_ks,0.004031250000000042
L=64 i2_stride4h32_b16 (Phase-2),data/64Ising_T2.269_hsBignet_i2_stride4h32_b16,64,2.269185314213022,19800,4,4,cross_gauge,v5_gauge_w1,0.011569087084235792
L=64 i2_stride4h32_b16 (Phase-2),data/64Ising_T2.269_hsBignet_i2_stride4h32_b16,64,2.269185314213022,19800,4,4,cross_gauge,v5_gauge_rms_g,0.04515925049781799
L=64 i2_stride4h32_b16 (Phase-2),data/64Ising_T2.269_hsBignet_i2_stride4h32_b16,64,2.269185314213022,19800,5,2,cross_gauge,v5_gauge_ks,0.0055
L=64 i2_stride4h32_b16 (Phase-2),data/64Ising_T2.269_hsBignet_i2_stride4h32_b16,64,2.269185314213022,19800,5,2,cross_gauge,v5_gauge_w1,0.007590664501158681
L=64 i2_stride4h32_b16 (Phase-2),data/64Ising_T2.269_hsBignet_i2_stride4h32_b16,64,2.269185314213022,19800,5,2,cross_gauge,v5_gauge_rms_g,nan
L=64 i2_stride4h32_b16 (Phase-2),data/64Ising_T2.269_hsBignet_i2_stride4h32_b16,64,2.269185314213022,19800,6,1,cross_gauge,v5_gauge_ks,0.0095
L=64 i2_stride4h32_b16 (Phase-2),data/64Ising_T2.269_hsBignet_i2_stride4h32_b16,64,2.269185314213022,19800,6,1,cross_gauge,v5_gauge_w1,0.013840074301578176
L=64 i2_stride4h32_b16 (Phase-2),data/64Ising_T2.269_hsBignet_i2_stride4h32_b16,64,2.269185314213022,19800,6,1,cross_gauge,v5_gauge_rms_g,nan
L=64 i2_stride8h64_b16 (Phase-2),data/64Ising_T2.269_hsBignet_i2_stride8h64_b16,64,2.269185314213022,19800,0,64,cross_gauge,v5_gauge_ks,0.003589999999999982
L=64 i2_stride8h64_b16 (Phase-2),data/64Ising_T2.269_hsBignet_i2_stride8h64_b16,64,2.269185314213022,19800,0,64,cross_gauge,v5_gauge_w1,0.012169552201671742
L=64 i2_stride8h64_b16 (Phase-2),data/64Ising_T2.269_hsBignet_i2_stride8h64_b16,64,2.269185314213022,19800,0,64,cross_gauge,v5_gauge_rms_g,0.0
L=64 i2_stride8h64_b16 (Phase-2),data/64Ising_T2.269_hsBignet_i2_stride8h64_b16,64,2.269185314213022,19800,1,32,cross_gauge,v5_gauge_ks,0.0026650000000000285
L=64 i2_stride8h64_b16 (Phase-2),data/64Ising_T2.269_hsBignet_i2_stride8h64_b16,64,2.269185314213022,19800,1,32,cross_gauge,v5_gauge_w1,0.012934804713734399
L=64 i2_stride8h64_b16 (Phase-2),data/64Ising_T2.269_hsBignet_i2_stride8h64_b16,64,2.269185314213022,19800,1,32,cross_gauge,v5_gauge_rms_g,0.08089610934257507
L=64 i2_stride8h64_b16 (Phase-2),data/64Ising_T2.269_hsBignet_i2_stride8h64_b16,64,2.269185314213022,19800,2,16,cross_gauge,v5_gauge_ks,0.0020850000000000035
L=64 i2_stride8h64_b16 (Phase-2),data/64Ising_T2.269_hsBignet_i2_stride8h64_b16,64,2.269185314213022,19800,2,16,cross_gauge,v5_gauge_w1,0.011366967450834086
L=64 i2_stride8h64_b16 (Phase-2),data/64Ising_T2.269_hsBignet_i2_stride8h64_b16,64,2.269185314213022,19800,2,16,cross_gauge,v5_gauge_rms_g,0.04581480473279953
L=64 i2_stride8h64_b16 (Phase-2),data/64Ising_T2.269_hsBignet_i2_stride8h64_b16,64,2.269185314213022,19800,3,8,cross_gauge,v5_gauge_ks,0.002546875000000004
L=64 i2_stride8h64_b16 (Phase-2),data/64Ising_T2.269_hsBignet_i2_stride8h64_b16,64,2.269185314213022,19800,3,8,cross_gauge,v5_gauge_w1,0.011702017307408798
L=64 i2_stride8h64_b16 (Phase-2),data/64Ising_T2.269_hsBignet_i2_stride8h64_b16,64,2.269185314213022,19800,3,8,cross_gauge,v5_gauge_rms_g,0.06446269154548645
L=64 i2_stride8h64_b16 (Phase-2),data/64Ising_T2.269_hsBignet_i2_stride8h64_b16,64,2.269185314213022,19800,4,4,cross_gauge,v5_gauge_ks,0.0032812500000000133
L=64 i2_stride8h64_b16 (Phase-2),data/64Ising_T2.269_hsBignet_i2_stride8h64_b16,64,2.269185314213022,19800,4,4,cross_gauge,v5_gauge_w1,0.007689988786094176
L=64 i2_stride8h64_b16 (Phase-2),data/64Ising_T2.269_hsBignet_i2_stride8h64_b16,64,2.269185314213022,19800,4,4,cross_gauge,v5_gauge_rms_g,0.05132651701569557
L=64 i2_stride8h64_b16 (Phase-2),data/64Ising_T2.269_hsBignet_i2_stride8h64_b16,64,2.269185314213022,19800,5,2,cross_gauge,v5_gauge_ks,0.0045
L=64 i2_stride8h64_b16 (Phase-2),data/64Ising_T2.269_hsBignet_i2_stride8h64_b16,64,2.269185314213022,19800,5,2,cross_gauge,v5_gauge_w1,0.00683749289381121
L=64 i2_stride8h64_b16 (Phase-2),data/64Ising_T2.269_hsBignet_i2_stride8h64_b16,64,2.269185314213022,19800,5,2,cross_gauge,v5_gauge_rms_g,nan
L=64 i2_stride8h64_b16 (Phase-2),data/64Ising_T2.269_hsBignet_i2_stride8h64_b16,64,2.269185314213022,19800,6,1,cross_gauge,v5_gauge_ks,0.0105
L=64 i2_stride8h64_b16 (Phase-2),data/64Ising_T2.269_hsBignet_i2_stride8h64_b16,64,2.269185314213022,19800,6,1,cross_gauge,v5_gauge_w1,0.015422977521845502
L=64 i2_stride8h64_b16 (Phase-2),data/64Ising_T2.269_hsBignet_i2_stride8h64_b16,64,2.269185314213022,19800,6,1,cross_gauge,v5_gauge_rms_g,nan
L=64 i2_stride4h64_b16 (Phase-2),data/64Ising_T2.269_hsBignet_i2_stride4h64_b16,64,2.269185314213022,19800,0,64,cross_gauge,v5_gauge_ks,0.003589999999999982
L=64 i2_stride4h64_b16 (Phase-2),data/64Ising_T2.269_hsBignet_i2_stride4h64_b16,64,2.269185314213022,19800,0,64,cross_gauge,v5_gauge_w1,0.012169552201671742
L=64 i2_stride4h64_b16 (Phase-2),data/64Ising_T2.269_hsBignet_i2_stride4h64_b16,64,2.269185314213022,19800,0,64,cross_gauge,v5_gauge_rms_g,0.0
L=64 i2_stride4h64_b16 (Phase-2),data/64Ising_T2.269_hsBignet_i2_stride4h64_b16,64,2.269185314213022,19800,1,32,cross_gauge,v5_gauge_ks,0.004074999999999995
L=64 i2_stride4h64_b16 (Phase-2),data/64Ising_T2.269_hsBignet_i2_stride4h64_b16,64,2.269185314213022,19800,1,32,cross_gauge,v5_gauge_w1,0.014123201764656007
L=64 i2_stride4h64_b16 (Phase-2),data/64Ising_T2.269_hsBignet_i2_stride4h64_b16,64,2.269185314213022,19800,1,32,cross_gauge,v5_gauge_rms_g,0.06811579316854477
L=64 i2_stride4h64_b16 (Phase-2),data/64Ising_T2.269_hsBignet_i2_stride4h64_b16,64,2.269185314213022,19800,2,16,cross_gauge,v5_gauge_ks,0.0021649999999999725
L=64 i2_stride4h64_b16 (Phase-2),data/64Ising_T2.269_hsBignet_i2_stride4h64_b16,64,2.269185314213022,19800,2,16,cross_gauge,v5_gauge_w1,0.01042286128472543
L=64 i2_stride4h64_b16 (Phase-2),data/64Ising_T2.269_hsBignet_i2_stride4h64_b16,64,2.269185314213022,19800,2,16,cross_gauge,v5_gauge_rms_g,0.05326442793011665
L=64 i2_stride4h64_b16 (Phase-2),data/64Ising_T2.269_hsBignet_i2_stride4h64_b16,64,2.269185314213022,19800,3,8,cross_gauge,v5_gauge_ks,0.0016249999999999876
L=64 i2_stride4h64_b16 (Phase-2),data/64Ising_T2.269_hsBignet_i2_stride4h64_b16,64,2.269185314213022,19800,3,8,cross_gauge,v5_gauge_w1,0.0120868274058755
L=64 i2_stride4h64_b16 (Phase-2),data/64Ising_T2.269_hsBignet_i2_stride4h64_b16,64,2.269185314213022,19800,3,8,cross_gauge,v5_gauge_rms_g,0.0640706792473793
L=64 i2_stride4h64_b16 (Phase-2),data/64Ising_T2.269_hsBignet_i2_stride4h64_b16,64,2.269185314213022,19800,4,4,cross_gauge,v5_gauge_ks,0.004093750000000007
L=64 i2_stride4h64_b16 (Phase-2),data/64Ising_T2.269_hsBignet_i2_stride4h64_b16,64,2.269185314213022,19800,4,4,cross_gauge,v5_gauge_w1,0.008207473317967737
L=64 i2_stride4h64_b16 (Phase-2),data/64Ising_T2.269_hsBignet_i2_stride4h64_b16,64,2.269185314213022,19800,4,4,cross_gauge,v5_gauge_rms_g,0.07512065023183823
L=64 i2_stride4h64_b16 (Phase-2),data/64Ising_T2.269_hsBignet_i2_stride4h64_b16,64,2.269185314213022,19800,5,2,cross_gauge,v5_gauge_ks,0.00575
L=64 i2_stride4h64_b16 (Phase-2),data/64Ising_T2.269_hsBignet_i2_stride4h64_b16,64,2.269185314213022,19800,5,2,cross_gauge,v5_gauge_w1,0.00814909186566035
L=64 i2_stride4h64_b16 (Phase-2),data/64Ising_T2.269_hsBignet_i2_stride4h64_b16,64,2.269185314213022,19800,5,2,cross_gauge,v5_gauge_rms_g,nan
L=64 i2_stride4h64_b16 (Phase-2),data/64Ising_T2.269_hsBignet_i2_stride4h64_b16,64,2.269185314213022,19800,6,1,cross_gauge,v5_gauge_ks,0.0115
L=64 i2_stride4h64_b16 (Phase-2),data/64Ising_T2.269_hsBignet_i2_stride4h64_b16,64,2.269185314213022,19800,6,1,cross_gauge,v5_gauge_w1,0.017099708765393167
L=64 i2_stride4h64_b16 (Phase-2),data/64Ising_T2.269_hsBignet_i2_stride4h64_b16,64,2.269185314213022,19800,6,1,cross_gauge,v5_gauge_rms_g,nan
L=32 i2_stride8h32_nr2_b64 (P2.x D32),data/32Ising_T2.269_hsBignet_i2_stride8h32_nr2_b64,32,2.269185314213022,15400,0,32,cross_gauge,v5_gauge_ks,0.004729999999999901
L=32 i2_stride8h32_nr2_b64 (P2.x D32),data/32Ising_T2.269_hsBignet_i2_stride8h32_nr2_b64,32,2.269185314213022,15400,0,32,cross_gauge,v5_gauge_w1,0.013339982325982411
L=32 i2_stride8h32_nr2_b64 (P2.x D32),data/32Ising_T2.269_hsBignet_i2_stride8h32_nr2_b64,32,2.269185314213022,15400,0,32,cross_gauge,v5_gauge_rms_g,0.0
L=32 i2_stride8h32_nr2_b64 (P2.x D32),data/32Ising_T2.269_hsBignet_i2_stride8h32_nr2_b64,32,2.269185314213022,15400,1,16,cross_gauge,v5_gauge_ks,0.001994999999999969
L=32 i2_stride8h32_nr2_b64 (P2.x D32),data/32Ising_T2.269_hsBignet_i2_stride8h32_nr2_b64,32,2.269185314213022,15400,1,16,cross_gauge,v5_gauge_w1,0.01819936010646788
L=32 i2_stride8h32_nr2_b64 (P2.x D32),data/32Ising_T2.269_hsBignet_i2_stride8h32_nr2_b64,32,2.269185314213022,15400,1,16,cross_gauge,v5_gauge_rms_g,0.11705941706895828
L=32 i2_stride8h32_nr2_b64 (P2.x D32),data/32Ising_T2.269_hsBignet_i2_stride8h32_nr2_b64,32,2.269185314213022,15400,2,8,cross_gauge,v5_gauge_ks,0.002203125000000028
L=32 i2_stride8h32_nr2_b64 (P2.x D32),data/32Ising_T2.269_hsBignet_i2_stride8h32_nr2_b64,32,2.269185314213022,15400,2,8,cross_gauge,v5_gauge_w1,0.01087983000801774
L=32 i2_stride8h32_nr2_b64 (P2.x D32),data/32Ising_T2.269_hsBignet_i2_stride8h32_nr2_b64,32,2.269185314213022,15400,2,8,cross_gauge,v5_gauge_rms_g,0.07585281133651733
L=32 i2_stride8h32_nr2_b64 (P2.x D32),data/32Ising_T2.269_hsBignet_i2_stride8h32_nr2_b64,32,2.269185314213022,15400,3,4,cross_gauge,v5_gauge_ks,0.004593749999999952
L=32 i2_stride8h32_nr2_b64 (P2.x D32),data/32Ising_T2.269_hsBignet_i2_stride8h32_nr2_b64,32,2.269185314213022,15400,3,4,cross_gauge,v5_gauge_w1,0.011509311055394024
L=32 i2_stride8h32_nr2_b64 (P2.x D32),data/32Ising_T2.269_hsBignet_i2_stride8h32_nr2_b64,32,2.269185314213022,15400,3,4,cross_gauge,v5_gauge_rms_g,0.08573562651872635
L=32 i2_stride8h32_nr2_b64 (P2.x D32),data/32Ising_T2.269_hsBignet_i2_stride8h32_nr2_b64,32,2.269185314213022,15400,4,2,cross_gauge,v5_gauge_ks,0.006875
L=32 i2_stride8h32_nr2_b64 (P2.x D32),data/32Ising_T2.269_hsBignet_i2_stride8h32_nr2_b64,32,2.269185314213022,15400,4,2,cross_gauge,v5_gauge_w1,0.007856198116303868
L=32 i2_stride8h32_nr2_b64 (P2.x D32),data/32Ising_T2.269_hsBignet_i2_stride8h32_nr2_b64,32,2.269185314213022,15400,4,2,cross_gauge,v5_gauge_rms_g,nan
L=32 i2_stride8h32_nr2_b64 (P2.x D32),data/32Ising_T2.269_hsBignet_i2_stride8h32_nr2_b64,32,2.269185314213022,15400,5,1,cross_gauge,v5_gauge_ks,0.0095
L=32 i2_stride8h32_nr2_b64 (P2.x D32),data/32Ising_T2.269_hsBignet_i2_stride8h32_nr2_b64,32,2.269185314213022,15400,5,1,cross_gauge,v5_gauge_w1,0.01057197649562291
L=32 i2_stride8h32_nr2_b64 (P2.x D32),data/32Ising_T2.269_hsBignet_i2_stride8h32_nr2_b64,32,2.269185314213022,15400,5,1,cross_gauge,v5_gauge_rms_g,nan
