model,section,scale,metric,value
champion,A_marginal,1,skew,-0.31932132057574936
champion,A_marginal,1,kurt_excess,1.5624265881787291
champion,A_marginal,1,ks_to_N01,0.02462000614483484
champion,A_marginal,2,skew,-0.48667861082766894
champion,A_marginal,2,kurt_excess,2.9883477033999064
champion,A_marginal,2,ks_to_N01,0.07677984088505849
champion,A_marginal,3,skew,-0.8188794342762228
champion,A_marginal,3,kurt_excess,3.2232551594587058
champion,A_marginal,3,ks_to_N01,0.08483278120168447
champion,A_marginal,4,skew,-0.639049331181092
champion,A_marginal,4,kurt_excess,2.386456446603747
champion,A_marginal,4,ks_to_N01,0.064146284576794
champion,A_marginal,5,skew,-0.6995192512689996
champion,A_marginal,5,kurt_excess,2.4410356999990084
champion,A_marginal,5,ks_to_N01,0.05985018028137709
champion,A_marginal,6,skew,-0.5805167615509832
champion,A_marginal,6,kurt_excess,1.3839243469957676
champion,A_marginal,6,ks_to_N01,0.06040625799647714
champion,B_cross_scale,1,mmd2_marginal,0.005915284156799316
champion,B_cross_scale,1,w1_marginal,0.10650495442845709
champion,B_cross_scale,1,ks_marginal,0.06068000000000001
champion,B_cross_scale,2,mmd2_marginal,0.0002658367156982422
champion,B_cross_scale,2,w1_marginal,0.0349257753113981
champion,B_cross_scale,2,ks_marginal,0.019276249999999995
champion,B_cross_scale,3,mmd2_marginal,0.0009685754776000977
champion,B_cross_scale,3,w1_marginal,0.03976300930615685
champion,B_cross_scale,3,ks_marginal,0.03128124999999998
champion,B_cross_scale,4,mmd2_marginal,-4.76837158203125e-05
champion,B_cross_scale,4,w1_marginal,0.026254567344551154
champion,B_cross_scale,4,ks_marginal,0.01775
champion,B_cross_scale,5,mmd2_marginal,-0.00042307376861572266
champion,B_cross_scale,5,w1_marginal,0.05162226622069649
champion,B_cross_scale,5,ks_marginal,0.026
champion,C_Gr,1,G0,4.225592613220215
champion,C_Gr,1,xi_s,458.326385737639
champion,C_Gr,2,G0,5.775511741638184
champion,C_Gr,2,xi_s,inf
champion,C_Gr,3,G0,2.9320549964904785
champion,C_Gr,3,xi_s,78.51638332414669
champion,C_Gr,4,G0,1.291335940361023
champion,C_Gr,4,xi_s,nan
champion,C_Gr,5,G0,0.5546504259109497
champion,C_Gr,5,xi_s,nan
champion,D_fwd_inv,1,mmd2_marginal,0.001345992088317871
champion,D_fwd_inv,2,mmd2_marginal,0.01234292984008789
champion,D_fwd_inv,3,mmd2_marginal,0.011638879776000977
champion,D_fwd_inv,4,mmd2_marginal,0.005871415138244629
champion,D_fwd_inv,5,mmd2_marginal,0.004476070404052734
A,A_marginal,1,skew,0.15883033633535656
A,A_marginal,1,kurt_excess,0.7460187303512447
A,A_marginal,1,ks_to_N01,0.01678564121235604
A,A_marginal,2,skew,0.2854874221789681
A,A_marginal,2,kurt_excess,1.2502769230830895
A,A_marginal,2,ks_to_N01,0.015083866761107956
A,A_marginal,3,skew,0.6970090606898462
A,A_marginal,3,kurt_excess,4.744955038458739
A,A_marginal,3,ks_to_N01,0.0467711254072094
A,A_marginal,4,skew,0.5306050437857369
A,A_marginal,4,kurt_excess,9.46277044881438
A,A_marginal,4,ks_to_N01,0.09574470414121608
A,A_marginal,5,skew,-0.33660159572832227
A,A_marginal,5,kurt_excess,6.512792948039888
A,A_marginal,5,ks_to_N01,0.10040953521604168
A,A_marginal,6,skew,0.7055296309932699
A,A_marginal,6,kurt_excess,13.412063925625443
A,A_marginal,6,ks_to_N01,0.10614687587795907
A,B_cross_scale,1,mmd2_marginal,2.9802322387695312e-05
A,B_cross_scale,1,w1_marginal,0.03220676895953882
A,B_cross_scale,1,ks_marginal,0.0131
A,B_cross_scale,2,mmd2_marginal,0.0006678104400634766
A,B_cross_scale,2,w1_marginal,0.050630807474592775
A,B_cross_scale,2,ks_marginal,0.03649000000000002
A,B_cross_scale,3,mmd2_marginal,0.008733987808227539
A,B_cross_scale,3,w1_marginal,0.15320467674084653
A,B_cross_scale,3,ks_marginal,0.07999999999999999
A,B_cross_scale,4,mmd2_marginal,0.0026836395263671875
A,B_cross_scale,4,w1_marginal,0.08084761962081544
A,B_cross_scale,4,ks_marginal,0.051125
A,B_cross_scale,5,mmd2_marginal,-0.0008023977279663086
A,B_cross_scale,5,w1_marginal,0.04408260718765097
A,B_cross_scale,5,ks_marginal,0.0275
A,C_Gr,1,G0,53.413265228271484
A,C_Gr,1,xi_s,33.187228126820095
A,C_Gr,2,G0,19.50346565246582
A,C_Gr,2,xi_s,43.48611040987902
A,C_Gr,3,G0,2.228074312210083
A,C_Gr,3,xi_s,23.769712352730416
A,C_Gr,4,G0,0.38473644852638245
A,C_Gr,4,xi_s,nan
A,C_Gr,5,G0,0.24250496923923492
A,C_Gr,5,xi_s,nan
A,D_fwd_inv,1,mmd2_marginal,0.0010753870010375977
A,D_fwd_inv,2,mmd2_marginal,0.0071904659271240234
A,D_fwd_inv,3,mmd2_marginal,0.006793856620788574
A,D_fwd_inv,4,mmd2_marginal,0.01754307746887207
A,D_fwd_inv,5,mmd2_marginal,0.020999431610107422
D,A_marginal,1,skew,0.04652977896715169
D,A_marginal,1,kurt_excess,0.5088259766525578
D,A_marginal,1,ks_to_N01,0.01823007717119962
D,A_marginal,2,skew,-0.5130673939569429
D,A_marginal,2,kurt_excess,1.3113048653045363
D,A_marginal,2,ks_to_N01,0.03474907628702051
D,A_marginal,3,skew,-0.37269773631487085
D,A_marginal,3,kurt_excess,1.5996928355661773
D,A_marginal,3,ks_to_N01,0.03441276030829549
D,A_marginal,4,skew,0.39602514515714293
D,A_marginal,4,kurt_excess,1.556195030994533
D,A_marginal,4,ks_to_N01,0.05547524642592627
D,A_marginal,5,skew,0.4150522980558569
D,A_marginal,5,kurt_excess,1.8134567033194342
D,A_marginal,5,ks_to_N01,0.06361563116955193
D,A_marginal,6,skew,0.40659743274389537
D,A_marginal,6,kurt_excess,0.7519751064081599
D,A_marginal,6,ks_to_N01,0.07860417067728931
D,B_cross_scale,1,mmd2_marginal,0.000911712646484375
D,B_cross_scale,1,w1_marginal,0.0630609189846061
D,B_cross_scale,1,ks_marginal,0.02675999999999995
D,B_cross_scale,2,mmd2_marginal,4.1604042053222656e-05
D,B_cross_scale,2,w1_marginal,0.023243889713180803
D,B_cross_scale,2,ks_marginal,0.009673749999999981
D,B_cross_scale,3,mmd2_marginal,0.00373077392578125
D,B_cross_scale,3,w1_marginal,0.10899879603970167
D,B_cross_scale,3,ks_marginal,0.05437500000000001
D,B_cross_scale,4,mmd2_marginal,-0.0002033710479736328
D,B_cross_scale,4,w1_marginal,0.02124805076900182
D,B_cross_scale,4,ks_marginal,0.01325
D,B_cross_scale,5,mmd2_marginal,-0.0009467601776123047
D,B_cross_scale,5,w1_marginal,0.03686018624182176
D,B_cross_scale,5,ks_marginal,0.019
D,C_Gr,1,G0,213.9727783203125
D,C_Gr,1,xi_s,232.668129043119
D,C_Gr,2,G0,740.887939453125
D,C_Gr,2,xi_s,22.622760480719755
D,C_Gr,3,G0,411.8449401855469
D,C_Gr,3,xi_s,11.183189990219567
D,C_Gr,4,G0,741.09814453125
D,C_Gr,4,xi_s,nan
D,C_Gr,5,G0,783.4638671875
D,C_Gr,5,xi_s,nan
D,D_fwd_inv,1,mmd2_marginal,0.0003790855407714844
D,D_fwd_inv,2,mmd2_marginal,0.00023663043975830078
D,D_fwd_inv,3,mmd2_marginal,0.0015482902526855469
D,D_fwd_inv,4,mmd2_marginal,0.00463557243347168
D,D_fwd_inv,5,mmd2_marginal,0.005380153656005859
champion_vs_A,E_cross_model,1,mmd2_vec,-0.0008006095886230469
champion_vs_A,E_cross_model,1,w1_marginal,0.05028908572976769
champion_vs_A,E_cross_model,1,rank_corr_sum,-0.2952453409813639
champion_vs_A,E_cross_model,2,mmd2_vec,-0.0009405612945556641
champion_vs_A,E_cross_model,2,w1_marginal,0.12992652531450588
champion_vs_A,E_cross_model,2,rank_corr_sum,-0.6013734774939099
champion_vs_A,E_cross_model,3,mmd2_vec,0.001950383186340332
champion_vs_A,E_cross_model,3,w1_marginal,0.11939031902990999
champion_vs_A,E_cross_model,3,rank_corr_sum,-0.6060100080400322
champion_vs_A,E_cross_model,4,mmd2_vec,0.0004061460494995117
champion_vs_A,E_cross_model,4,w1_marginal,0.12390188922004419
champion_vs_A,E_cross_model,4,rank_corr_sum,-0.31598055992223967
champion_vs_A,E_cross_model,5,mmd2_vec,0.001385807991027832
champion_vs_A,E_cross_model,5,w1_marginal,0.14499375227933686
champion_vs_A,E_cross_model,5,rank_corr_sum,-0.21902679610718442
champion_vs_A,E_cross_model,6,mmd2_vec,0.006786704063415527
champion_vs_A,E_cross_model,6,w1_marginal,0.1584933702466078
champion_vs_A,E_cross_model,6,rank_corr_sum,-0.11663950655802624
champion_vs_D,E_cross_model,1,mmd2_vec,-0.000664830207824707
champion_vs_D,E_cross_model,1,w1_marginal,0.040454993287367735
champion_vs_D,E_cross_model,1,rank_corr_sum,0.878436633746535
champion_vs_D,E_cross_model,2,mmd2_vec,-0.0008602142333984375
champion_vs_D,E_cross_model,2,w1_marginal,0.09278920498155732
champion_vs_D,E_cross_model,2,rank_corr_sum,0.31124294097176386
champion_vs_D,E_cross_model,3,mmd2_vec,-0.0009374618530273438
champion_vs_D,E_cross_model,3,w1_marginal,0.0792992236934859
champion_vs_D,E_cross_model,3,rank_corr_sum,0.11876514706058824
champion_vs_D,E_cross_model,4,mmd2_vec,-0.0009675025939941406
champion_vs_D,E_cross_model,4,w1_marginal,0.13221907227745186
champion_vs_D,E_cross_model,4,rank_corr_sum,0.00862813051252205
champion_vs_D,E_cross_model,5,mmd2_vec,0.00016367435455322266
champion_vs_D,E_cross_model,5,w1_marginal,0.1454554481998093
champion_vs_D,E_cross_model,5,rank_corr_sum,0.42438649754599017
champion_vs_D,E_cross_model,6,mmd2_vec,0.007779479026794434
champion_vs_D,E_cross_model,6,w1_marginal,0.16202447754261087
champion_vs_D,E_cross_model,6,rank_corr_sum,0.5667797391189565
A_vs_D,E_cross_model,1,mmd2_vec,-0.0008091926574707031
A_vs_D,E_cross_model,1,w1_marginal,0.021535087034112905
A_vs_D,E_cross_model,1,rank_corr_sum,-0.13042458569834278
A_vs_D,E_cross_model,2,mmd2_vec,-0.0008772611618041992
A_vs_D,E_cross_model,2,w1_marginal,0.07256803824943725
A_vs_D,E_cross_model,2,rank_corr_sum,0.17826570506282025
A_vs_D,E_cross_model,3,mmd2_vec,0.0018573999404907227
A_vs_D,E_cross_model,3,w1_marginal,0.0796100791929617
A_vs_D,E_cross_model,3,rank_corr_sum,0.2479640958563834
A_vs_D,E_cross_model,4,mmd2_vec,0.000560760498046875
A_vs_D,E_cross_model,4,w1_marginal,0.2064045488265857
A_vs_D,E_cross_model,4,rank_corr_sum,0.30702420409681636
A_vs_D,E_cross_model,5,mmd2_vec,0.0036281347274780273
A_vs_D,E_cross_model,5,w1_marginal,0.25297718354856613
A_vs_D,E_cross_model,5,rank_corr_sum,0.12822060888243553
A_vs_D,E_cross_model,6,mmd2_vec,0.026136279106140137
A_vs_D,E_cross_model,6,w1_marginal,0.24808176411478783
A_vs_D,E_cross_model,6,rank_corr_sum,0.1546633386533546
